OBJECT_ID,ALARM_ID,ALARM_LVL,ALARM_DESC
AGV01,1,1,Agv already have a transfer command on middler get new transfer command.
AGV01,2,1,Watch low power thread is charging can't do new transfer command.
AGV01,3,1,Loading is off after load finished.
AGV01,4,1,Carrier ID is EMPTY after load finished.
AGV01,5,1,Carrier ID is ERROR after load finished.
AGV01,6,1,Move finish fail.
AGV01,7,1,Loading is ON after unload finished.
AGV01,8,1,Fork command is exist before unload.
AGV01,9,1,Vehicle is not in unload position and cannot unload.
AGV01,10,1,Fork command is exist before load.
AGV01,11,1,Vehicle is not in guide sections.
AGV01,12,1,This address is a couple but no charge direction.
AGV01,13,1,Charging is OFF after send start charge command to plc.
AGV01,14,1,Charging is ON after send stop charge command to plc.
AGV01,15,1,Vehicle is not in load position and cannot load.
AGV01,16,1,Vehicle already have cassette cannot load.
AGV01,17,1,Vehicle has no cassette to unload.
AGV01,18,1,AgvcMoveCommand is not match the map to move.
AGV01,19,1,Vehicle is not in transfer reject override.
AGV01,20,1,Vehicle is not in moving-step reject override.
AGV01,21,1,Vehicle is not pause by reserve reject override.
AGV01,22,1,Unload address unmatch current command unload address.
AGV01,23,1,Load address unmatch current command load address.
AGV01,24,1,ToUnloadSections is empty.
AGV01,25,1,ToLoadSections is empty.
AGV01,26,1,Exception happened in override-check.
AGV01,27,2,Fork not home reject transfer command.
AGV01,28,1,Carrier ID is mismatch after load finished.
AGV01,29,1,Carrier ID read reply is timeout
AGV01,30,1,Vehicle has alarm cannot do transfer command.
AGV01,31,1,MoveControl status is not idle cannot switch to auto mode.
AGV01,32,1,Real position is null cannot switch to auto mode.
AGV01,33,1,Vehicle is not in transfer reject avoid.
AGV01,34,1,Vehicle is not in moving-step reject avoid.
AGV01,35,1,Vehicle is not pause by reserve reject avoid.
AGV01,36,1,Exception happened in avoid-check.
AGV01,100000,2,Elmo連線失敗
AGV01,100001,2,Elmo Config讀取失敗
AGV01,100002,2,Elmo Config路徑錯誤
AGV01,101000,2,SR2000-L連線失敗
AGV01,101001,2,SR2000-L資料格式錯誤
AGV01,101100,2,SR2000-R連線失敗
AGV01,101101,2,SR2000-R資料格式錯誤
AGV01,110000,2,拒絕Middler移動命令:程式關閉中
AGV01,110001,2,拒絕Middler移動命令:AGV移動中
AGV01,110002,2,拒絕Middler移動命令:Charging
AGV01,110003,2,拒絕Middler移動命令:Fork not Home
AGV01,110004,2,拒絕Middler移動命令:起點誤差過大
AGV01,110005,2,拒絕Middler移動命令:AGV迷航中
AGV01,110006,2,拒絕Middler移動命令:命令分解失敗
AGV01,130000,2,出彎後過久沒讀到Barcode
AGV01,130001,2,直線過久沒讀到Barcode
AGV01,130002,2,和Section角度偏差過大
AGV01,130003,2,和Section軌道偏差過大
AGV01,130009,2,沒讀取到該讀取的Barcode
AGV01,140000,2,走行中Fork不再Home點上
AGV01,142000,2,走行中XFL異常
AGV01,142001,2,走行中XFR異常
AGV01,142002,2,走行中XRL異常
AGV01,142003,2,走行中XRR異常
AGV01,142004,2,走行中TFL異常
AGV01,142005,2,走行中TFR異常
AGV01,142006,2,走行中TRL異常
AGV01,142007,2,走行中TRR異常
AGV01,142100,2,走行中VXFL異常
AGV01,142101,2,走行中VXFR異常
AGV01,142102,2,走行中VXRL異常
AGV01,142103,2,走行中VXRR異常
AGV01,142104,2,走行中VTFL異常
AGV01,142105,2,走行中VTFR異常
AGV01,142106,2,走行中VTRL異常
AGV01,142107,2,走行中VTRR異常
AGV01,150000,2,MoveControl主Thread Excption
AGV01,150001,2,移動前旋轉轉向軸旋轉不到位
AGV01,150002,2,超過命令觸發區間
AGV01,150003,2,AGV莫停
AGV01,151000,2,降速指令降速速度異常
AGV01,152000,2,TR入彎超速
AGV01,152001,2,與預計路徑差異過大
AGV01,152002,1,TR瞬間GT Moving
AGV01,152003,2,四輪角度差異過大
AGV01,153000,2,R2000入彎超速
AGV01,153001,1,R2000入彎過慢
AGV01,153002,2,R2000異常停止
AGV01,154000,2,角度偏差過大
AGV01,154001,2,軌道偏差過大
AGV01,155000,2,SlowStop Timeout
AGV01,155001,2,Stop Timeout
AGV01,155002,2,StopAndClear Timeout
AGV01,156000,2,二修timeout
AGV01,156001,2,啟動二修timeout
AGV01,159998,2,程式觸發不應該觸發的地方
AGV01,159999,2,觸發到未實作功能
AGV01,270001,2,Fork Command Format NG
AGV01,270002,2,Fork Command Read timeout
AGV01,270003,2,Fork Not Busy timeout
AGV01,270004,2,Fork Command Executing timeout
AGV01,270005,1,Batterys Charging Time Out
AGV01,270007,2,Fork Home Flag Waiting timeout
AGV01,200001,2,Safety Not Ready
AGV01,200002,2,MC Not Ready(100)
AGV01,200003,2,MC Not Ready(284V Power Supply)
AGV01,200004,2,
AGV01,200005,2,
AGV01,200006,2,
AGV01,200007,2,
AGV01,200008,2,
AGV01,200009,2,
AGV01,200010,2,Main box emergency stop
AGV01,200011,2,Emergency stop(Teach Box)
AGV01,200012,2,Emergency stop(FR)
AGV01,200013,2,Emergency stop(FC)
AGV01,200014,2,Emergency stop(FL)
AGV01,200015,2,Emergency stop(BR)
AGV01,200016,2,Emergency stop(BC)
AGV01,200017,2,Emergency stop(BL)
AGV01,200018,2,Emergency stop(IPC Command)
AGV01,200019,2,
AGV01,200020,2,
AGV01,200021,2,
AGV01,200022,2,
AGV01,200023,2,
AGV01,200024,2,
AGV01,200025,2,
AGV01,200026,2,
AGV01,200027,2,
AGV01,200028,2,
AGV01,200029,2,
AGV01,200030,2,
AGV01,200031,1,
AGV01,200032,1,
AGV01,200033,1,
AGV01,200034,1,
AGV01,200035,1,
AGV01,200036,1,
AGV01,200037,2,
AGV01,200038,2,
AGV01,200039,2,
AGV01,200040,2,
AGV01,200041,2,
AGV01,200042,2,
AGV01,200043,2,
AGV01,200044,2,
AGV01,200045,2,284V Power Supply1 Start Alarm
AGV01,200046,2,284V Power Supply2 Start Alarm
AGV01,200047,2,284V Power Supply3 Start Alarm
AGV01,200048,2,284V Power Supply1 FAN Alarm
AGV01,200049,2,284V Power Supply2 FAN Alarm
AGV01,200050,2,284V Power Supply3 FAN Alarm
AGV01,200051,2,284V Power Supply1 Overcurrent Alarm
AGV01,200052,2,284V Power Supply2 Overcurrent Alarm
AGV01,200053,2,284V Power Supply1 Temperature Alarm
AGV01,200054,2,284V Power Supply2 Temperature Alarm
AGV01,200055,2,
AGV01,200056,2,
AGV01,200057,2,
AGV01,200058,2,
AGV01,200059,2,
AGV01,200060,2,Bump_F Alarm
AGV01,200061,2,Bump_F Alarm(No Setup)
AGV01,200062,2,
AGV01,200063,2,
AGV01,200064,2,
AGV01,200065,2,
AGV01,200066,2,Bump_B Alarm
AGV01,200067,2,Bump_B Alarm(No Setup)
AGV01,200068,2,
AGV01,200069,2,
AGV01,200070,2,
AGV01,200071,2,
AGV01,200072,2,Bump_L Alarm
AGV01,200073,2,Bump_L Alarm(No Setup)
AGV01,200074,2,Bump_R Alarm
AGV01,200075,2,Bump_R Alarm(No Setup)
AGV01,200076,2,
AGV01,200077,2,
AGV01,200078,2,
AGV01,200079,2,
AGV01,200080,2,
AGV01,200081,2,
AGV01,200082,2,
AGV01,200083,2,
AGV01,200084,2,
AGV01,200085,2,
AGV01,200086,2,
AGV01,200087,2,
AGV01,200088,2,
AGV01,200089,2,
AGV01,200090,1,Charger Timeout(R)
AGV01,200091,1,Charger Timeout(L)
AGV01,200092,1,Charger Signal Off(R)
AGV01,200093,1,Charger Signal Off(L)
AGV01,200094,1,Charger Confirm Sensor Off(R)
AGV01,200095,1,Charger Confirm Sensor Off(L)
AGV01,200096,2,
AGV01,200097,2,
AGV01,200098,2,
AGV01,200099,2,
AGV01,200100,2,Vehicle BAT Overheating_F Alarm
AGV01,200101,2,Vehicle BAT Overheating_B Alarm
AGV01,200102,2,Vehicle BMS Low Battery Alarm
AGV01,200103,2,Vehicle BAT Temperature Alarm
AGV01,200104,2,Vehicle BAT-F FAN1 Alarm
AGV01,200105,2,Vehicle BAT-F FAN2 Alarm
AGV01,200106,2,Vehicle BAT-B FAN1 Alarm
AGV01,200107,2,Vehicle BAT-B FAN2 Alarm
AGV01,200108,2,
AGV01,200109,2,
AGV01,200110,2,
AGV01,200111,2,
AGV01,200112,2,
AGV01,200113,2,
AGV01,200114,2,
AGV01,200115,2,
AGV01,200116,2,
AGV01,200117,2,
AGV01,200118,2,
AGV01,200119,2,
AGV01,200120,2,Fork Command Timeout
AGV01,200121,2,Stage Command NG
AGV01,200122,2,Command Type NG
AGV01,200123,2,置物二重格判斷異常(Double Storage)
AGV01,200124,2,置物二重格判斷異常(Double Storage)
AGV01,200125,2,取物二重格判斷異常(Empty Retrieval)
AGV01,200126,2,取物二重格判斷異常(Empty Retrieval)
AGV01,200127,2,Vehicle Direction NG
AGV01,200128,2,Vehicle Home NG
AGV01,200129,2,Fork Home NG
AGV01,200130,2,Fork Servo NG
AGV01,200131,2,Fork Command Signal NG
AGV01,200132,2,Fork Busy Signal NG
AGV01,200133,2,Fork Speed NG
AGV01,200134,2,Spare NG
AGV01,200135,2,System Status NG
AGV01,200136,2,
AGV01,200137,2,
AGV01,200138,2,
AGV01,200139,2,
AGV01,200140,2,Fork Alignment NG
AGV01,200141,2,Fork Alignment Value NG(P Max)
AGV01,200142,2,Fork Alignment Value NG(P Min)
AGV01,200143,2,Fork Alignment Value NG(Y Max)
AGV01,200144,2,Fork Alignment Value NG(Y Min)
AGV01,200145,2,Fork Alignment Value NG(? Max)
AGV01,200146,2,Fork Alignment Value NG(? Min)
AGV01,200147,2,
AGV01,200148,2,
AGV01,200149,2,
AGV01,200150,2,GOTECH BAT Cell Voltage Alarm(Internal))
AGV01,200151,2,GOTECH BAT MOSFET Temperature 1 Alarm(Internal)
AGV01,200152,2,GOTECH BAT Cell Temperature 2 Alarm(Internal)
AGV01,200153,2,GOTECH BAT MCU Temperature 3 Alarm(Internal)
AGV01,200154,2,GOTECH BAT Over Voltage Alarm(Internal)
AGV01,200155,2,GOTECH BAT Under Voltage Alarm(Internal)
AGV01,200156,2,GOTECH BAT Over Current Alarm(Internal)
AGV01,200157,2,GOTECH BAT Over Voltage Alarm(Communication)
AGV01,200158,2,GOTECH BAT Under Voltage Alarm(Communication)
AGV01,200159,2,GOTECH BAT Over Temperature Alarm(Communication)
AGV01,200160,2,GOTECH BAT Under Temperature Alarm(Communication)
AGV01,200161,2,GOTECH BAT Unbalance Alarm(Communication)
AGV01,200162,2,GOTECH BAT Over Current Alarm(Communication)
AGV01,200163,2,
AGV01,200164,2,
AGV01,200165,2,
AGV01,200166,2,
AGV01,200167,2,
AGV01,200168,2,
AGV01,200169,2,
AGV01,200170,2,
AGV01,200171,2,
AGV01,200172,2,
AGV01,200173,2,
AGV01,200174,2,
AGV01,200175,2,
AGV01,200176,2,
AGV01,200177,2,
AGV01,200178,2,
AGV01,200179,2,
AGV01,200180,2,
AGV01,200181,2,
AGV01,200182,2,
AGV01,200183,2,
AGV01,200184,2,
AGV01,200185,2,
AGV01,200186,2,
AGV01,200187,2,
AGV01,200188,2,
AGV01,200189,2,
AGV01,200190,2,
AGV01,200191,2,
AGV01,200192,2,
AGV01,200193,2,
AGV01,200194,2,
AGV01,200195,2,
AGV01,200196,2,
AGV01,200197,2,
AGV01,200198,2,
AGV01,200199,2,
AGV01,200200,2,
AGV01,200201,2,緊急停止  
AGV01,200202,2,伺服命令位址異常
AGV01,200203,2,伺服輸入儲位資料錯誤
AGV01,200204,2,
AGV01,200205,2,Port二重格無物
AGV01,200206,2,Port二重格有物
AGV01,200207,2,
AGV01,200208,2,
AGV01,200209,2,
AGV01,200210,2,手臂荷有檢知異常(取)
AGV01,200211,2,手臂荷有檢知異常(置)
AGV01,200212,2,手臂荷有檢知異常(手臂移動中)
AGV01,200213,2,置物後手臂有物
AGV01,200214,2,
AGV01,200215,2,手臂運轉前檢查到命令異常 
AGV01,200216,2,手臂檢查到命令異常 
AGV01,200217,2,
AGV01,200218,2,
AGV01,200219,2,
AGV01,200220,2,動作命令運轉超時
AGV01,200221,2,
AGV01,200222,2,
AGV01,200223,2,
AGV01,200224,2,
AGV01,200225,2,
AGV01,200226,2,
AGV01,200227,2,
AGV01,200228,2,
AGV01,200229,2,
AGV01,200230,2,AGV 異常
AGV01,200231,2,
AGV01,200232,2,
AGV01,200233,2,
AGV01,200234,2,
AGV01,200235,2,原點迷失
AGV01,200236,2,走行原點迷失
AGV01,200237,2,昇降原點迷失
AGV01,200238,2,回轉原點迷失
AGV01,200239,2,叉臂原點迷失
AGV01,200240,2,走行動作中-叉臂位置錯誤
AGV01,200241,2,走行原點復歸超時
AGV01,200242,1,走行動作中超時
AGV01,200243,1,走行驅動器異常
AGV01,200244,1,走行驅動器異常
AGV01,200245,1,走行驅動器異常
AGV01,200246,1,走行HP原點光電檢測異常
AGV01,200247,1,走行HP光電檢測異常
AGV01,200248,2,走行HP側極限光電異常
AGV01,200249,1,走行 EN 超過 HP 極限
AGV01,200250,2,走行OP原點光電檢測異常
AGV01,200251,2,走行OP光電檢測異常
AGV01,200252,2,走行OP側極限光電異常
AGV01,200253,2,走行 EN 超過 OP 極限
AGV01,200254,2,
AGV01,200255,2,
AGV01,200256,2,
AGV01,200257,2,
AGV01,200258,2,
AGV01,200259,2,
AGV01,200260,2,升降動作中-叉臂動作
AGV01,200261,2,升降原點復歸超時
AGV01,200262,1,升降動作中超時
AGV01,200263,1,升降驅動器異常
AGV01,200264,1,升降驅動器異常
AGV01,200265,1,升降驅動器異常
AGV01,200266,1,升降HP原點光電檢測異常
AGV01,200267,1,升降上定位光電檢測異常
AGV01,200268,1,升降上極限光電異常
AGV01,200269,1,升降 EN 超過上極限
AGV01,200270,1,升降OP原點光電檢測異常
AGV01,200271,1,升降下定位光電檢測異常
AGV01,200272,1,升降下極限光電異常
AGV01,200273,1,升降 EN 超過下極限
AGV01,200274,1,升降台傾斜檢知
AGV01,200275,1,
AGV01,200276,1,
AGV01,200277,1,
AGV01,200278,1,
AGV01,200279,1,
AGV01,200280,1,叉臂動作中-走行升降迴轉動作
AGV01,200281,1,叉臂原點復歸超時
AGV01,200282,2,叉臂動作中超時
AGV01,200283,2,叉臂驅動器異常
AGV01,200284,2,叉臂驅動器異常
AGV01,200285,2,叉臂驅動器異常
AGV01,200286,2,叉臂HP原點光電檢測異常
AGV01,200287,2,叉臂HP光電檢測異常
AGV01,200288,2,叉臂HP側極限光電異常
AGV01,200289,2,叉臂 EN 超過 HP 極限
AGV01,200290,2,叉臂OP原點光電檢測異常
AGV01,200291,2,叉臂OP光電檢測異常
AGV01,200292,2,叉臂OP側極限光電異常
AGV01,200293,2,叉臂 EN 超過 OP 極限
AGV01,200294,2,叉臂不在HP(初始位置)
AGV01,200295,2,叉臂動作中異常
AGV01,200296,2,
AGV01,200297,2,
AGV01,200298,2,
AGV01,200299,2,
AGV01,200300,2,迴轉超時-定位
AGV01,200301,2,迴轉原點復歸超時
AGV01,200302,2,迴轉動作中超時
AGV01,200303,2,迴轉驅動器異常
AGV01,200304,2,迴轉驅動器異常
AGV01,200305,2,迴轉驅動器異常
AGV01,200306,2,迴轉0度原點光電檢測異常
AGV01,200307,2,迴轉0度光電檢測異常
AGV01,200308,2,迴轉0度側極限光電異常
AGV01,200309,2,迴轉 EN 超過 0度極限
AGV01,200310,2,迴轉180度原點光電檢測異常
AGV01,200311,2,迴轉180度光電檢測異常
AGV01,200312,2,迴轉180度側極限光電異常
AGV01,200313,2,迴轉 EN 超過 180度極限
AGV01,200314,2,
AGV01,200315,2,迴轉90度光電檢測異常
AGV01,200316,2,迴轉位置異常
AGV01,200317,2,迴轉無光電檢測異常
AGV01,200318,2,
AGV01,200319,2,
AGV01,200320,2,
AGV01,200321,2,
AGV01,200322,2,
AGV01,200323,2,
AGV01,200324,2,
AGV01,200325,2,
AGV01,200326,2,
AGV01,200327,1,
AGV01,200328,1,
AGV01,200329,1,
AGV01,200330,1,
AGV01,200331,2,
AGV01,200332,2,
AGV01,200333,2,
AGV01,200334,2,
AGV01,200335,2,
AGV01,200336,2,
AGV01,200337,2,
AGV01,200338,2,
AGV01,200339,2,
AGV01,200340,2,
AGV01,200341,2,
AGV01,200342,1,
AGV01,200343,2,
AGV01,200344,2,
AGV01,200345,2,
AGV01,200346,2,
AGV01,200347,2,
AGV01,200348,2,
AGV01,200349,2,
AGV01,200350,2,
AGV01,200351,2,
AGV01,200352,1,
AGV01,200353,2,
AGV01,200354,2,
AGV01,200355,2,
AGV01,200356,2,
AGV01,200357,2,
AGV01,200358,2,
AGV01,200359,2,
AGV01,200360,2,
AGV01,200361,2,
AGV01,200362,2,
AGV01,200363,2,
AGV01,200364,2,
AGV01,200365,2,
AGV01,200366,2,
AGV01,200367,2,
AGV01,200368,2,
AGV01,200369,2,
AGV01,200370,2,
AGV01,200371,2,
AGV01,200372,2,
AGV01,200373,2,
AGV01,200374,2,
AGV01,200375,2,
AGV01,200376,2,
AGV01,200377,2,
AGV01,200378,2,
AGV01,200379,2,
AGV01,200380,2,
AGV01,200381,2,
AGV01,200382,2,
AGV01,200383,2,
AGV01,200384,2,
AGV01,200385,2,
AGV01,200386,2,
AGV01,200387,2,
AGV01,200388,2,
AGV01,200389,2,
AGV01,200390,2,
AGV01,200391,2,
AGV01,200392,2,
AGV01,200393,2,
AGV01,200394,2,
AGV01,200395,2,
AGV01,200396,2,
AGV01,200397,2,
AGV01,200398,2,
AGV01,200399,2,
AGV01,200400,2,暫停模式-非自動
AGV01,200401,2,動作中-強制手動(需初始化)
AGV01,200402,2,
AGV01,200403,2,
AGV01,200404,2,
AGV01,200405,2,手臂運轉前檢查到命令異常 
AGV01,200406,2,手臂檢查到命令異常 
AGV01,200407,2,
AGV01,200408,2,
AGV01,200409,2,
AGV01,200410,2,
AGV01,200411,2,
AGV01,200412,2,
AGV01,200413,2,
AGV01,200414,2,
AGV01,200415,2,
AGV01,200416,2,
AGV01,200417,2,
AGV01,200418,2,
AGV01,200419,2,
AGV01,200420,2,
AGV01,200421,2,
AGV01,200422,2,
AGV01,200423,2,
AGV01,200424,2,
AGV01,200425,2,
AGV01,200426,2,
AGV01,200427,2,
AGV01,200428,2,
AGV01,200429,2,
AGV01,200430,2,
AGV01,200431,2,
AGV01,200432,2,
AGV01,200433,2,
AGV01,200434,2,
AGV01,200435,2,
AGV01,200436,2,
AGV01,200437,2,
AGV01,200438,2,
AGV01,200439,2,
AGV01,200440,2,
AGV01,200441,2,
AGV01,200442,2,
AGV01,200443,2,
AGV01,200444,2,
AGV01,200445,2,
AGV01,200446,2,
AGV01,200447,2,
AGV01,200448,2,
AGV01,200449,2,
AGV01,200450,2,
AGV01,200451,2,
AGV01,200452,2,
AGV01,200453,2,
AGV01,200454,2,
AGV01,200455,2,
AGV01,200456,2,
AGV01,200457,2,
AGV01,200458,2,
AGV01,200459,2,
AGV01,200460,2,
AGV01,200461,2,
AGV01,200462,2,
AGV01,200463,2,
AGV01,200464,2,
AGV01,200465,2,
AGV01,200466,2,
AGV01,200467,2,
AGV01,200468,2,
AGV01,200469,2,
AGV01,200470,2,
AGV01,200471,2,
AGV01,200472,2,
AGV01,200473,2,
AGV01,200474,2,
AGV01,200475,2,
AGV01,200476,2,
AGV01,200477,2,
AGV01,200478,2,
AGV01,200479,2,
AGV01,200480,2,
AGV01,200481,2,
AGV01,200482,2,
AGV01,200483,2,
AGV01,200484,2,
AGV01,200485,2,
AGV01,200486,2,
AGV01,200487,2,
AGV01,200488,2,
AGV01,200489,2,
AGV01,200490,2,
AGV01,200491,2,
AGV01,200492,2,
AGV01,200493,2,
AGV01,200494,2,
AGV01,200495,2,
AGV01,200496,2,
AGV01,200497,2,
AGV01,200498,2,
AGV01,200499,2,
AGV01,200500,2,Fork Command Format Error. Clear Fork Command for Continue!(IPC)
AGV01,200501,2,Fork Command PLC Read Error. Clear Fork Command for Continue!(IPC)
AGV01,200502,2,Fork Start Send out but Busy not on timeout. Please check PLC.(IPC)
AGV01,200503,2,Fork Command Executing timeout.(IPC)
AGV01,200504,1,Batterys Charging Time Out(IPC)
AGV01,200505,2,(IPC)
AGV01,200506,2,(IPC)
AGV01,200507,2,(IPC)
AGV01,200508,2,(IPC)
AGV01,200509,2,(IPC)
AGV01,200510,2,(IPC)
AGV01,200511,2,(IPC)
AGV01,200512,2,(IPC)
AGV01,200513,2,(IPC)
AGV01,200514,2,(IPC)
AGV01,200515,2,(IPC)
AGV01,200516,2,Move finish fail.(IPC)
AGV01,200517,2,(IPC)
AGV01,200518,2,(IPC)
AGV01,200519,2,(IPC)
AGV01,200520,2,(IPC)
AGV01,200521,2,(IPC)
AGV01,200522,2,(IPC)
AGV01,200523,2,(IPC)
AGV01,200524,2,(IPC)
AGV01,200525,2,(IPC)
AGV01,200526,2,(IPC)
AGV01,200527,2,(IPC)
AGV01,200528,2,(IPC)
AGV01,200529,2,(IPC)
AGV01,200530,2,(IPC)
AGV01,200531,2,(IPC)
AGV01,200532,2,(IPC)
AGV01,200533,2,(IPC)
AGV01,200534,2,(IPC)
AGV01,200535,2,(IPC)
AGV01,200536,2,(IPC)
AGV01,200537,2,(IPC)
AGV01,200538,2,(IPC)
AGV01,200539,2,(IPC)
AGV01,200540,2,(IPC)
AGV01,200541,2,(IPC)
AGV01,200542,2,(IPC)
AGV01,200543,2,(IPC)
AGV01,200544,2,(IPC)
AGV01,200545,2,(IPC)
AGV01,200546,2,(IPC)
AGV01,200547,2,(IPC)
AGV01,200548,2,(IPC)
AGV01,200549,2,(IPC)
AGV01,200550,2,(IPC)
AGV01,200551,2,(IPC)
AGV01,200552,2,(IPC)
AGV01,200553,2,(IPC)
AGV01,200554,2,(IPC)
AGV01,200555,2,(IPC)
AGV01,200556,2,(IPC)
AGV01,200557,2,(IPC)
AGV01,200558,2,(IPC)
AGV01,200559,2,(IPC)
AGV01,200560,2,(IPC)
AGV01,200561,2,(IPC)
AGV01,200562,2,(IPC)
AGV01,200563,2,(IPC)
AGV01,200564,2,(IPC)
AGV01,200565,2,(IPC)
AGV01,200566,2,(IPC)
AGV01,200567,2,(IPC)
AGV01,200568,2,(IPC)
AGV01,200569,2,(IPC)
AGV01,200570,2,(IPC)
AGV01,200571,2,(IPC)
AGV01,200572,2,(IPC)
AGV01,200573,2,(IPC)
AGV01,200574,2,(IPC)
AGV01,200575,2,(IPC)
AGV01,200576,2,(IPC)
AGV01,200577,2,(IPC)
AGV01,200578,2,(IPC)
AGV01,200579,2,(IPC)
AGV01,200580,2,Elmo連線失敗(IPC)
AGV01,200581,2,Elmo Config讀取失敗(IPC)
AGV01,200582,2,Elmo Config路徑錯誤(IPC)
AGV01,200583,2,SR2000-L連線失敗(IPC)
AGV01,200584,2,SR2000-L資料格式錯誤(IPC)
AGV01,200585,2,SR2000-R連線失敗(IPC)
AGV01,200586,2,SR2000-R資料格式錯誤(IPC)
AGV01,200587,2,出彎後過久沒讀到Barcode(IPC)
AGV01,200588,2,直線過久沒讀到Barcode(IPC)
AGV01,200589,2,和Section角度偏差過大(IPC)
AGV01,200590,2,和Section軌道偏差過大(IPC)
AGV01,200591,2,走行中Fork不再Home點上(IPC)
AGV01,200592,2,走行中Axis異常(IPC)
AGV01,200593,2,走行中Disable或虛擬軸Link失敗(IPC)
AGV01,200594,2,TR入彎超速(IPC)
AGV01,200595,2,與預計路徑差異過大(IPC)
AGV01,200596,2,四輪角度差異過大(IPC)
AGV01,200597,2,R2000入彎超速(IPC)
AGV01,200598,2,(IPC)
AGV01,200599,2,(IPC)
AGV01,200600,2,(IPC)
AGV01,200601,2,(IPC)
AGV01,200602,2,(IPC)
AGV01,200603,2,(IPC)
AGV01,200604,2,(IPC)
AGV01,200605,2,(IPC)
AGV01,200606,2,(IPC)
AGV01,200607,2,(IPC)
AGV01,200608,2,(IPC)
AGV01,200609,2,(IPC)
AGV01,200610,2,(IPC)
AGV01,200611,2,(IPC)
AGV01,200612,2,(IPC)
AGV01,200613,2,(IPC)
AGV01,200614,2,(IPC)
AGV01,200615,2,(IPC)
AGV01,200616,2,(IPC)
AGV01,200617,2,(IPC)
AGV01,200618,2,(IPC)
AGV01,200619,2,(IPC)
AGV01,200620,2,(IPC)
AGV01,200621,2,(IPC)
AGV01,200622,2,(IPC)
AGV01,200623,2,(IPC)
AGV01,200624,2,(IPC)
AGV01,200625,2,(IPC)
AGV01,200626,2,(IPC)
AGV01,200627,2,(IPC)
AGV01,200628,2,(IPC)
AGV01,200629,2,(IPC)
AGV01,200630,2,(IPC)
AGV01,200631,2,(IPC)
AGV01,200632,2,(IPC)
AGV01,200633,2,(IPC)
AGV01,200634,2,(IPC)
AGV01,200635,2,(IPC)
AGV01,200636,2,(IPC)
AGV01,200637,2,(IPC)
AGV01,200638,2,(IPC)
AGV01,200639,2,(IPC)
AGV01,200640,2,(IPC)
AGV01,200641,2,(IPC)
AGV01,200642,2,(IPC)
AGV01,200643,2,(IPC)
AGV01,200644,2,(IPC)
AGV01,200645,2,(IPC)
AGV01,200646,2,(IPC)
AGV01,200647,2,(IPC)
AGV01,200648,2,(IPC)
AGV01,200649,2,(IPC)
AGV01,200650,2,(IPC)
AGV01,200651,2,(IPC)
AGV01,200652,2,(IPC)
AGV01,200653,2,(IPC)
AGV01,200654,2,(IPC)
AGV01,200655,2,(IPC)
AGV01,200656,2,(IPC)
AGV01,200657,2,(IPC)
AGV01,200658,2,(IPC)
AGV01,200659,2,(IPC)
AGV01,200660,1,Agv already have a transfer command on middler get new transfer command.(IPC)
AGV01,200661,1,Watch low power thread is charging can't do new transfer command.(IPC)
AGV01,200662,1,Loading is off after load finished.(IPC)
AGV01,200663,1,Carrier ID is EMPTY after load finished.(IPC)
AGV01,200664,1,Carrier ID is ERROR after load finished.(IPC)
AGV01,200665,1,Loading is ON after unload finished.(IPC)
AGV01,200666,1,Fork command is exist before unload.(IPC)
AGV01,200667,1,Vehicle is not in unload position and cannot unload.(IPC)
AGV01,200668,1,Fork command is exist before load.(IPC)
AGV01,200669,1,Vehicle is not in guide sections.(IPC)
AGV01,200670,1,This address is a couple but no charge direction.(IPC)
AGV01,200671,1,Charging is OFF after send start charge command to plc.(IPC)
AGV01,200672,1,Charging is ON after send stop charge command to plc.(IPC)
AGV01,200673,1,Vehicle is not in load position and cannot load.(IPC)
AGV01,200674,1,Vehicle already have cassette cannot load.(IPC)
AGV01,200675,1,Vehicle has no cassette to unload.(IPC)
AGV01,200676,1,AgvcMoveCommand is not match the map to move.(IPC)
AGV01,200677,1,Vehicle has no command to override.(IPC)
AGV01,200678,1,Vehicle is not in moving-step.(IPC)
AGV01,200679,1,Vehicle has next reserve to go.(IPC)
AGV01,200680,1,Unload address unmatch current command unload address.(IPC)
AGV01,200681,1,Load address unmatch current command load address.(IPC)
AGV01,200682,1,ToUnloadSections is empty.(IPC)
AGV01,200683,1,ToLoadSections is empty.(IPC)
AGV01,200684,1,Vehicle can not do override.(IPC)
AGV01,200685,1,Vehicle can not pause.(IPC)
AGV01,200686,1,Carrier ID is mismatch after load finished.(IPC)
AGV01,200687,1,Carrier ID read reply is timeout(IPC)
AGV01,200688,1,Vehicle has alarm cannot do transfer command.(IPC)
AGV01,200689,2,(IPC)
AGV01,200690,2,(IPC)
AGV01,200691,2,(IPC)
AGV01,200692,2,(IPC)
AGV01,200693,2,(IPC)
AGV01,200694,2,(IPC)
AGV01,200695,2,(IPC)
AGV01,200696,2,(IPC)
AGV01,200697,2,(IPC)
AGV01,200698,2,(IPC)
AGV01,200699,2,(IPC)
AGV01,200700,2,(IPC)
AGV01,200701,2,(IPC)
AGV01,200702,2,(IPC)
AGV01,200703,2,(IPC)
AGV01,200704,2,(IPC)
AGV01,200705,2,(IPC)
AGV01,200706,2,(IPC)
AGV01,200707,2,(IPC)
AGV01,200708,2,(IPC)
AGV01,200709,2,(IPC)
AGV01,200710,2,(IPC)
AGV01,200711,2,(IPC)
AGV01,200712,2,(IPC)
AGV01,200713,2,(IPC)
AGV01,200714,2,(IPC)
AGV01,200715,2,(IPC)
AGV01,200716,2,(IPC)
AGV01,200717,2,(IPC)
AGV01,200718,2,(IPC)
AGV01,200719,2,(IPC)
AGV01,200720,2,(IPC)
AGV01,200721,2,(IPC)
AGV01,200722,2,(IPC)
AGV01,200723,2,(IPC)
AGV01,200724,2,(IPC)
AGV01,200725,2,(IPC)
AGV01,200726,2,(IPC)
AGV01,200727,2,(IPC)
AGV01,200728,2,(IPC)
AGV01,200729,2,(IPC)
AGV01,200730,2,(IPC)
AGV01,200731,2,(IPC)
AGV01,200732,2,(IPC)
AGV01,200733,2,(IPC)
AGV01,200734,2,(IPC)
AGV01,200735,2,(IPC)
AGV01,200736,2,(IPC)
AGV01,200737,2,(IPC)
AGV01,200738,2,(IPC)
AGV01,200739,2,(IPC)
AGV01,200740,2,Axis ErrorCode(IPC)
AGV01,200741,2,TR瞬間GT Moving(IPC)
AGV01,200742,2,R2000入彎過慢(IPC)
AGV01,200743,2,降速指令降速速度異常(IPC)
AGV01,200744,2,MoveControl主Thread Excption(IPC)
AGV01,200745,2,(IPC)
AGV01,200746,2,(IPC)
AGV01,200747,2,(IPC)
AGV01,200748,2,(IPC)
AGV01,200749,2,(IPC)
AGV01,200750,2,(IPC)
AGV01,200751,2,(IPC)
AGV01,200752,2,(IPC)
AGV01,200753,2,(IPC)
AGV01,200754,2,(IPC)
AGV01,200755,2,(IPC)
AGV01,201001,2,Maintain Mode
AGV01,201002,2,IPC Not Ready
AGV01,201003,2,
AGV01,201004,2,
AGV01,201005,2,Notification preparation and maintenance
AGV01,201006,2,Driver Battery Low
AGV01,201007,2,PLC Battery Low
AGV01,201008,2,CC-Link Master
AGV01,201009,2,
AGV01,201010,2,Fork Command NG
AGV01,201011,2,Fork Command Idle
AGV01,201012,2,
AGV01,201013,2,
AGV01,201014,2,
AGV01,201015,2,
AGV01,201016,2,
AGV01,201017,2,
AGV01,201018,2,
AGV01,201019,2,ET2 Fork Teaching Report
AGV01,201020,2,ET2 Index Timeout
AGV01,201021,2,ET3 Vehicle Teaching Report
AGV01,201022,2,ET3 Index Timeout
AGV01,201023,2,ET4 Fork Alignment Teching Report
AGV01,201024,2,ET4 Index Timeout
AGV01,201025,2,
AGV01,201026,2,ES3 Index Timeout
AGV01,201027,2,
AGV01,201028,2,
AGV01,201029,2,
AGV01,201030,2,
AGV01,201031,2,
AGV01,201032,2,
AGV01,201033,2,
AGV01,201034,2,
AGV01,201035,2,
AGV01,201036,2,
AGV01,201037,2,
AGV01,201038,2,
AGV01,201039,2,
AGV01,201040,2,Vehicle Battery Setting status(None)
AGV01,201041,2,Vehicle BMS High Battery Warnning
AGV01,201042,2,Vehicle BMS Low Battery Warnning
AGV01,201043,2,
AGV01,201044,2,
AGV01,201045,2,
AGV01,201046,2,
AGV01,201047,2,
AGV01,201048,2,
AGV01,201049,2,
AGV01,201050,2,Alignment Disable
AGV01,201051,2,Stage Sensor Disable
AGV01,201052,2,Fork Sensor Disable
AGV01,201053,2,Fork Sensor(二重格)L Side Disable
AGV01,201054,2,Fork Sensor(二重格)R Side Disable
AGV01,201055,2,Bump Disable
AGV01,201056,2,
AGV01,201057,2,IPC Stop Command Disable
AGV01,201058,2,
AGV01,201059,2,
AGV01,201060,2,
AGV01,201061,2,
AGV01,201062,2,
AGV01,201063,2,
AGV01,201064,2,
AGV01,201065,2,
AGV01,201066,2,
AGV01,201067,2,
AGV01,201068,2,
AGV01,201069,2,
AGV01,201070,2,Beam Sensor_FUR Warnning
AGV01,201071,2,Beam Sensor_FUL Warnning
AGV01,201072,2,Beam Sensor_FDR Warnning
AGV01,201073,2,Beam Sensor_FDC Warnning
AGV01,201074,2,Beam Sensor_FDL Warnning
AGV01,201075,2,Beam Sensor_BUR Warnning
AGV01,201076,2,Beam Sensor_BUL Warnning
AGV01,201077,2,Beam Sensor_BDR Warnning
AGV01,201078,2,Beam Sensor_BDC Warnning
AGV01,201079,2,Beam Sensor_BDL Warnning
AGV01,201080,2,Beam Sensor_LUR Warnning
AGV01,201081,2,Beam Sensor_LUL Warnning
AGV01,201082,2,Beam Sensor_LDR Warnning
AGV01,201083,2,Beam Sensor_LDL Warnning
AGV01,201084,2,Beam Sensor_LUC Warnning
AGV01,201085,2,Beam Sensor_RUR Warnning
AGV01,201086,2,Beam Sensor_RUL Warnning
AGV01,201087,2,Beam Sensor_RDR Warnning
AGV01,201088,2,Beam Sensor_RDL Warnning
AGV01,201089,2,Beam Sensor_RUC Warnning
AGV01,201090,2,
AGV01,201091,2,
AGV01,201092,2,
AGV01,201093,2,
AGV01,201094,2,
AGV01,201095,2,
AGV01,201096,2,
AGV01,201097,2,
AGV01,201098,2,
AGV01,201099,2,
AGV01,201100,2,Teach_box _FU Warnning
AGV01,201101,2,Teach_box _BU Warnning
AGV01,201102,2,Brake release _FU Warnning
AGV01,201103,2,Brake release _BU Warnning
AGV01,201104,2,
AGV01,201105,2,
AGV01,201106,2,
AGV01,201107,2,
AGV01,201108,2,
AGV01,201109,2,
AGV01,201110,2,Meter Communication Timeout
AGV01,201111,2,Meter Communication Error
AGV01,201112,2,Charger Station Error
AGV01,201113,2,
AGV01,201114,2,
AGV01,201115,2,GOTECH Battery Communication Timeout
AGV01,201116,2,GOTECH Battery Communication NG
AGV01,201117,2,
AGV01,201118,2,
AGV01,201119,2,
AGV01,201120,2,
AGV01,201121,2,
AGV01,201122,2,
AGV01,201123,2,
AGV01,201124,2,
AGV01,201125,2,
AGV01,201126,2,
AGV01,201127,2,
AGV01,201128,2,
AGV01,201129,2,
AGV01,201130,2,
AGV01,201131,2,
AGV01,201132,2,
AGV01,201133,2,
AGV01,201134,2,
AGV01,201135,1,LiDAR_F Alarm
AGV01,201136,1,LiDAR_F Fault
AGV01,201137,1,LiDAR_B Alarm
AGV01,201138,1,LiDAR_B Fault
AGV01,201139,2,
AGV01,201140,2,
AGV01,201141,2,
AGV01,201142,2,
AGV01,201143,2,
AGV01,201144,2,
AGV01,201145,2,
AGV01,201146,2,
AGV01,201147,2,
AGV01,201148,2,
AGV01,201149,2,
AGV01,201150,2,Interface T1 Timeout(L Side)
AGV01,201151,2,Interface T2 Timeout(L Side)
AGV01,201152,2,Interface T3 Timeout(L Side)
AGV01,201153,2,Interface T4 Timeout(L Side)
AGV01,201154,2,Interface T5 Timeout(L Side)
AGV01,201155,2,Interface T6 Timeout(L Side)
AGV01,201156,2,Interface T7 Timeout(L Side)
AGV01,201157,2,Interface T8 Timeout(L Side)
AGV01,201158,2,Interface Signal On(L Side)
AGV01,201159,2,Ready Signal Off(L Side)
AGV01,201160,2,Interface T1 Timeout(R Side)
AGV01,201161,2,Interface T2 Timeout(R Side)
AGV01,201162,2,Interface T3 Timeout(R Side)
AGV01,201163,2,Interface T4 Timeout(R Side)
AGV01,201164,2,Interface T5 Timeout(R Side)
AGV01,201165,2,Interface T6 Timeout(R Side)
AGV01,201166,2,Interface T7 Timeout(R Side)
AGV01,201167,2,Interface T8 Timeout(R Side)
AGV01,201168,2,Interface Signal On(R Side)
AGV01,201169,2,Ready Signal Off(R Side)
AGV02,1,1,Agv already have a transfer command on middler get new transfer command.
AGV02,2,1,Watch low power thread is charging can't do new transfer command.
AGV02,3,1,Loading is off after load finished.
AGV02,4,1,Carrier ID is EMPTY after load finished.
AGV02,5,1,Carrier ID is ERROR after load finished.
AGV02,6,1,Move finish fail.
AGV02,7,1,Loading is ON after unload finished.
AGV02,8,1,Fork command is exist before unload.
AGV02,9,1,Vehicle is not in unload position and cannot unload.
AGV02,10,1,Fork command is exist before load.
AGV02,11,1,Vehicle is not in guide sections.
AGV02,12,1,This address is a couple but no charge direction.
AGV02,13,1,Charging is OFF after send start charge command to plc.
AGV02,14,1,Charging is ON after send stop charge command to plc.
AGV02,15,1,Vehicle is not in load position and cannot load.
AGV02,16,1,Vehicle already have cassette cannot load.
AGV02,17,1,Vehicle has no cassette to unload.
AGV02,18,1,AgvcMoveCommand is not match the map to move.
AGV02,19,1,Vehicle is not in transfer reject override.
AGV02,20,1,Vehicle is not in moving-step reject override.
AGV02,21,1,Vehicle is not pause by reserve reject override.
AGV02,22,1,Unload address unmatch current command unload address.
AGV02,23,1,Load address unmatch current command load address.
AGV02,24,1,ToUnloadSections is empty.
AGV02,25,1,ToLoadSections is empty.
AGV02,26,1,Exception happened in override-check.
AGV02,27,2,Fork not home reject transfer command.
AGV02,28,1,Carrier ID is mismatch after load finished.
AGV02,29,1,Carrier ID read reply is timeout
AGV02,30,1,Vehicle has alarm cannot do transfer command.
AGV02,31,1,MoveControl status is not idle cannot switch to auto mode.
AGV02,32,1,Real position is null cannot switch to auto mode.
AGV02,33,1,Vehicle is not in transfer reject avoid.
AGV02,34,1,Vehicle is not in moving-step reject avoid.
AGV02,35,1,Vehicle is not pause by reserve reject avoid.
AGV02,36,1,Exception happened in avoid-check.
AGV02,100000,2,Elmo連線失敗
AGV02,100001,2,Elmo Config讀取失敗
AGV02,100002,2,Elmo Config路徑錯誤
AGV02,101000,2,SR2000-L連線失敗
AGV02,101001,2,SR2000-L資料格式錯誤
AGV02,101100,2,SR2000-R連線失敗
AGV02,101101,2,SR2000-R資料格式錯誤
AGV02,110000,2,拒絕Middler移動命令:程式關閉中
AGV02,110001,2,拒絕Middler移動命令:AGV移動中
AGV02,110002,2,拒絕Middler移動命令:Charging
AGV02,110003,2,拒絕Middler移動命令:Fork not Home
AGV02,110004,2,拒絕Middler移動命令:起點誤差過大
AGV02,110005,2,拒絕Middler移動命令:AGV迷航中
AGV02,110006,2,拒絕Middler移動命令:命令分解失敗
AGV02,130000,2,出彎後過久沒讀到Barcode
AGV02,130001,2,直線過久沒讀到Barcode
AGV02,130002,2,和Section角度偏差過大
AGV02,130003,2,和Section軌道偏差過大
AGV02,130009,2,沒讀取到該讀取的Barcode
AGV02,140000,2,走行中Fork不再Home點上
AGV02,142000,2,走行中XFL異常
AGV02,142001,2,走行中XFR異常
AGV02,142002,2,走行中XRL異常
AGV02,142003,2,走行中XRR異常
AGV02,142004,2,走行中TFL異常
AGV02,142005,2,走行中TFR異常
AGV02,142006,2,走行中TRL異常
AGV02,142007,2,走行中TRR異常
AGV02,142100,2,走行中VXFL異常
AGV02,142101,2,走行中VXFR異常
AGV02,142102,2,走行中VXRL異常
AGV02,142103,2,走行中VXRR異常
AGV02,142104,2,走行中VTFL異常
AGV02,142105,2,走行中VTFR異常
AGV02,142106,2,走行中VTRL異常
AGV02,142107,2,走行中VTRR異常
AGV02,150000,2,MoveControl主Thread Excption
AGV02,150001,2,移動前旋轉轉向軸旋轉不到位
AGV02,150002,2,超過命令觸發區間
AGV02,150003,2,AGV莫停
AGV02,151000,2,降速指令降速速度異常
AGV02,152000,2,TR入彎超速
AGV02,152001,2,與預計路徑差異過大
AGV02,152002,1,TR瞬間GT Moving
AGV02,152003,2,四輪角度差異過大
AGV02,153000,2,R2000入彎超速
AGV02,153001,1,R2000入彎過慢
AGV02,153002,2,R2000異常停止
AGV02,154000,2,角度偏差過大
AGV02,154001,2,軌道偏差過大
AGV02,155000,2,SlowStop Timeout
AGV02,155001,2,Stop Timeout
AGV02,155002,2,StopAndClear Timeout
AGV02,156000,2,二修timeout
AGV02,156001,2,啟動二修timeout
AGV02,159998,2,程式觸發不應該觸發的地方
AGV02,159999,2,觸發到未實作功能
AGV02,270001,2,Fork Command Format NG
AGV02,270002,2,Fork Command Read timeout
AGV02,270003,2,Fork Not Busy timeout
AGV02,270004,2,Fork Command Executing timeout
AGV02,270005,1,Batterys Charging Time Out
AGV02,270007,2,Fork Home Flag Waiting timeout
AGV02,200001,2,Safety Not Ready
AGV02,200002,2,MC Not Ready(100)
AGV02,200003,2,MC Not Ready(284V Power Supply)
AGV02,200004,2,
AGV02,200005,2,
AGV02,200006,2,
AGV02,200007,2,
AGV02,200008,2,
AGV02,200009,2,
AGV02,200010,2,Main box emergency stop
AGV02,200011,2,Emergency stop(Teach Box)
AGV02,200012,2,Emergency stop(FR)
AGV02,200013,2,Emergency stop(FC)
AGV02,200014,2,Emergency stop(FL)
AGV02,200015,2,Emergency stop(BR)
AGV02,200016,2,Emergency stop(BC)
AGV02,200017,2,Emergency stop(BL)
AGV02,200018,2,Emergency stop(IPC Command)
AGV02,200019,2,
AGV02,200020,2,
AGV02,200021,2,
AGV02,200022,2,
AGV02,200023,2,
AGV02,200024,2,
AGV02,200025,2,
AGV02,200026,2,
AGV02,200027,2,
AGV02,200028,2,
AGV02,200029,2,
AGV02,200030,2,
AGV02,200031,1,
AGV02,200032,1,
AGV02,200033,1,
AGV02,200034,1,
AGV02,200035,1,
AGV02,200036,1,
AGV02,200037,2,
AGV02,200038,2,
AGV02,200039,2,
AGV02,200040,2,
AGV02,200041,2,
AGV02,200042,2,
AGV02,200043,2,
AGV02,200044,2,
AGV02,200045,2,284V Power Supply1 Start Alarm
AGV02,200046,2,284V Power Supply2 Start Alarm
AGV02,200047,2,284V Power Supply3 Start Alarm
AGV02,200048,2,284V Power Supply1 FAN Alarm
AGV02,200049,2,284V Power Supply2 FAN Alarm
AGV02,200050,2,284V Power Supply3 FAN Alarm
AGV02,200051,2,284V Power Supply1 Overcurrent Alarm
AGV02,200052,2,284V Power Supply2 Overcurrent Alarm
AGV02,200053,2,284V Power Supply1 Temperature Alarm
AGV02,200054,2,284V Power Supply2 Temperature Alarm
AGV02,200055,2,
AGV02,200056,2,
AGV02,200057,2,
AGV02,200058,2,
AGV02,200059,2,
AGV02,200060,2,Bump_F Alarm
AGV02,200061,2,Bump_F Alarm(No Setup)
AGV02,200062,2,
AGV02,200063,2,
AGV02,200064,2,
AGV02,200065,2,
AGV02,200066,2,Bump_B Alarm
AGV02,200067,2,Bump_B Alarm(No Setup)
AGV02,200068,2,
AGV02,200069,2,
AGV02,200070,2,
AGV02,200071,2,
AGV02,200072,2,Bump_L Alarm
AGV02,200073,2,Bump_L Alarm(No Setup)
AGV02,200074,2,Bump_R Alarm
AGV02,200075,2,Bump_R Alarm(No Setup)
AGV02,200076,2,
AGV02,200077,2,
AGV02,200078,2,
AGV02,200079,2,
AGV02,200080,2,
AGV02,200081,2,
AGV02,200082,2,
AGV02,200083,2,
AGV02,200084,2,
AGV02,200085,2,
AGV02,200086,2,
AGV02,200087,2,
AGV02,200088,2,
AGV02,200089,2,
AGV02,200090,1,Charger Timeout(R)
AGV02,200091,1,Charger Timeout(L)
AGV02,200092,1,Charger Signal Off(R)
AGV02,200093,1,Charger Signal Off(L)
AGV02,200094,1,Charger Confirm Sensor Off(R)
AGV02,200095,1,Charger Confirm Sensor Off(L)
AGV02,200096,2,
AGV02,200097,2,
AGV02,200098,2,
AGV02,200099,2,
AGV02,200100,2,Vehicle BAT Overheating_F Alarm
AGV02,200101,2,Vehicle BAT Overheating_B Alarm
AGV02,200102,2,Vehicle BMS Low Battery Alarm
AGV02,200103,2,Vehicle BAT Temperature Alarm
AGV02,200104,2,Vehicle BAT-F FAN1 Alarm
AGV02,200105,2,Vehicle BAT-F FAN2 Alarm
AGV02,200106,2,Vehicle BAT-B FAN1 Alarm
AGV02,200107,2,Vehicle BAT-B FAN2 Alarm
AGV02,200108,2,
AGV02,200109,2,
AGV02,200110,2,
AGV02,200111,2,
AGV02,200112,2,
AGV02,200113,2,
AGV02,200114,2,
AGV02,200115,2,
AGV02,200116,2,
AGV02,200117,2,
AGV02,200118,2,
AGV02,200119,2,
AGV02,200120,2,Fork Command Timeout
AGV02,200121,2,Stage Command NG
AGV02,200122,2,Command Type NG
AGV02,200123,2,置物二重格判斷異常(Double Storage)
AGV02,200124,2,置物二重格判斷異常(Double Storage)
AGV02,200125,2,取物二重格判斷異常(Empty Retrieval)
AGV02,200126,2,取物二重格判斷異常(Empty Retrieval)
AGV02,200127,2,Vehicle Direction NG
AGV02,200128,2,Vehicle Home NG
AGV02,200129,2,Fork Home NG
AGV02,200130,2,Fork Servo NG
AGV02,200131,2,Fork Command Signal NG
AGV02,200132,2,Fork Busy Signal NG
AGV02,200133,2,Fork Speed NG
AGV02,200134,2,Spare NG
AGV02,200135,2,System Status NG
AGV02,200136,2,
AGV02,200137,2,
AGV02,200138,2,
AGV02,200139,2,
AGV02,200140,2,Fork Alignment NG
AGV02,200141,2,Fork Alignment Value NG(P Max)
AGV02,200142,2,Fork Alignment Value NG(P Min)
AGV02,200143,2,Fork Alignment Value NG(Y Max)
AGV02,200144,2,Fork Alignment Value NG(Y Min)
AGV02,200145,2,Fork Alignment Value NG(? Max)
AGV02,200146,2,Fork Alignment Value NG(? Min)
AGV02,200147,2,
AGV02,200148,2,
AGV02,200149,2,
AGV02,200150,2,GOTECH BAT Cell Voltage Alarm(Internal))
AGV02,200151,2,GOTECH BAT MOSFET Temperature 1 Alarm(Internal)
AGV02,200152,2,GOTECH BAT Cell Temperature 2 Alarm(Internal)
AGV02,200153,2,GOTECH BAT MCU Temperature 3 Alarm(Internal)
AGV02,200154,2,GOTECH BAT Over Voltage Alarm(Internal)
AGV02,200155,2,GOTECH BAT Under Voltage Alarm(Internal)
AGV02,200156,2,GOTECH BAT Over Current Alarm(Internal)
AGV02,200157,2,GOTECH BAT Over Voltage Alarm(Communication)
AGV02,200158,2,GOTECH BAT Under Voltage Alarm(Communication)
AGV02,200159,2,GOTECH BAT Over Temperature Alarm(Communication)
AGV02,200160,2,GOTECH BAT Under Temperature Alarm(Communication)
AGV02,200161,2,GOTECH BAT Unbalance Alarm(Communication)
AGV02,200162,2,GOTECH BAT Over Current Alarm(Communication)
AGV02,200163,2,
AGV02,200164,2,
AGV02,200165,2,
AGV02,200166,2,
AGV02,200167,2,
AGV02,200168,2,
AGV02,200169,2,
AGV02,200170,2,
AGV02,200171,2,
AGV02,200172,2,
AGV02,200173,2,
AGV02,200174,2,
AGV02,200175,2,
AGV02,200176,2,
AGV02,200177,2,
AGV02,200178,2,
AGV02,200179,2,
AGV02,200180,2,
AGV02,200181,2,
AGV02,200182,2,
AGV02,200183,2,
AGV02,200184,2,
AGV02,200185,2,
AGV02,200186,2,
AGV02,200187,2,
AGV02,200188,2,
AGV02,200189,2,
AGV02,200190,2,
AGV02,200191,2,
AGV02,200192,2,
AGV02,200193,2,
AGV02,200194,2,
AGV02,200195,2,
AGV02,200196,2,
AGV02,200197,2,
AGV02,200198,2,
AGV02,200199,2,
AGV02,200200,2,
AGV02,200201,2,緊急停止  
AGV02,200202,2,伺服命令位址異常
AGV02,200203,2,伺服輸入儲位資料錯誤
AGV02,200204,2,
AGV02,200205,2,Port二重格無物
AGV02,200206,2,Port二重格有物
AGV02,200207,2,
AGV02,200208,2,
AGV02,200209,2,
AGV02,200210,2,手臂荷有檢知異常(取)
AGV02,200211,2,手臂荷有檢知異常(置)
AGV02,200212,2,手臂荷有檢知異常(手臂移動中)
AGV02,200213,2,置物後手臂有物
AGV02,200214,2,
AGV02,200215,2,手臂運轉前檢查到命令異常 
AGV02,200216,2,手臂檢查到命令異常 
AGV02,200217,2,
AGV02,200218,2,
AGV02,200219,2,
AGV02,200220,2,動作命令運轉超時
AGV02,200221,2,
AGV02,200222,2,
AGV02,200223,2,
AGV02,200224,2,
AGV02,200225,2,
AGV02,200226,2,
AGV02,200227,2,
AGV02,200228,2,
AGV02,200229,2,
AGV02,200230,2,AGV 異常
AGV02,200231,2,
AGV02,200232,2,
AGV02,200233,2,
AGV02,200234,2,
AGV02,200235,2,原點迷失
AGV02,200236,2,走行原點迷失
AGV02,200237,2,昇降原點迷失
AGV02,200238,2,回轉原點迷失
AGV02,200239,2,叉臂原點迷失
AGV02,200240,2,走行動作中-叉臂位置錯誤
AGV02,200241,2,走行原點復歸超時
AGV02,200242,1,走行動作中超時
AGV02,200243,1,走行驅動器異常
AGV02,200244,1,走行驅動器異常
AGV02,200245,1,走行驅動器異常
AGV02,200246,1,走行HP原點光電檢測異常
AGV02,200247,1,走行HP光電檢測異常
AGV02,200248,2,走行HP側極限光電異常
AGV02,200249,1,走行 EN 超過 HP 極限
AGV02,200250,2,走行OP原點光電檢測異常
AGV02,200251,2,走行OP光電檢測異常
AGV02,200252,2,走行OP側極限光電異常
AGV02,200253,2,走行 EN 超過 OP 極限
AGV02,200254,2,
AGV02,200255,2,
AGV02,200256,2,
AGV02,200257,2,
AGV02,200258,2,
AGV02,200259,2,
AGV02,200260,2,升降動作中-叉臂動作
AGV02,200261,2,升降原點復歸超時
AGV02,200262,1,升降動作中超時
AGV02,200263,1,升降驅動器異常
AGV02,200264,1,升降驅動器異常
AGV02,200265,1,升降驅動器異常
AGV02,200266,1,升降HP原點光電檢測異常
AGV02,200267,1,升降上定位光電檢測異常
AGV02,200268,1,升降上極限光電異常
AGV02,200269,1,升降 EN 超過上極限
AGV02,200270,1,升降OP原點光電檢測異常
AGV02,200271,1,升降下定位光電檢測異常
AGV02,200272,1,升降下極限光電異常
AGV02,200273,1,升降 EN 超過下極限
AGV02,200274,1,升降台傾斜檢知
AGV02,200275,1,
AGV02,200276,1,
AGV02,200277,1,
AGV02,200278,1,
AGV02,200279,1,
AGV02,200280,1,叉臂動作中-走行升降迴轉動作
AGV02,200281,1,叉臂原點復歸超時
AGV02,200282,2,叉臂動作中超時
AGV02,200283,2,叉臂驅動器異常
AGV02,200284,2,叉臂驅動器異常
AGV02,200285,2,叉臂驅動器異常
AGV02,200286,2,叉臂HP原點光電檢測異常
AGV02,200287,2,叉臂HP光電檢測異常
AGV02,200288,2,叉臂HP側極限光電異常
AGV02,200289,2,叉臂 EN 超過 HP 極限
AGV02,200290,2,叉臂OP原點光電檢測異常
AGV02,200291,2,叉臂OP光電檢測異常
AGV02,200292,2,叉臂OP側極限光電異常
AGV02,200293,2,叉臂 EN 超過 OP 極限
AGV02,200294,2,叉臂不在HP(初始位置)
AGV02,200295,2,叉臂動作中異常
AGV02,200296,2,
AGV02,200297,2,
AGV02,200298,2,
AGV02,200299,2,
AGV02,200300,2,迴轉超時-定位
AGV02,200301,2,迴轉原點復歸超時
AGV02,200302,2,迴轉動作中超時
AGV02,200303,2,迴轉驅動器異常
AGV02,200304,2,迴轉驅動器異常
AGV02,200305,2,迴轉驅動器異常
AGV02,200306,2,迴轉0度原點光電檢測異常
AGV02,200307,2,迴轉0度光電檢測異常
AGV02,200308,2,迴轉0度側極限光電異常
AGV02,200309,2,迴轉 EN 超過 0度極限
AGV02,200310,2,迴轉180度原點光電檢測異常
AGV02,200311,2,迴轉180度光電檢測異常
AGV02,200312,2,迴轉180度側極限光電異常
AGV02,200313,2,迴轉 EN 超過 180度極限
AGV02,200314,2,
AGV02,200315,2,迴轉90度光電檢測異常
AGV02,200316,2,迴轉位置異常
AGV02,200317,2,迴轉無光電檢測異常
AGV02,200318,2,
AGV02,200319,2,
AGV02,200320,2,
AGV02,200321,2,
AGV02,200322,2,
AGV02,200323,2,
AGV02,200324,2,
AGV02,200325,2,
AGV02,200326,2,
AGV02,200327,1,
AGV02,200328,1,
AGV02,200329,1,
AGV02,200330,1,
AGV02,200331,2,
AGV02,200332,2,
AGV02,200333,2,
AGV02,200334,2,
AGV02,200335,2,
AGV02,200336,2,
AGV02,200337,2,
AGV02,200338,2,
AGV02,200339,2,
AGV02,200340,2,
AGV02,200341,2,
AGV02,200342,1,
AGV02,200343,2,
AGV02,200344,2,
AGV02,200345,2,
AGV02,200346,2,
AGV02,200347,2,
AGV02,200348,2,
AGV02,200349,2,
AGV02,200350,2,
AGV02,200351,2,
AGV02,200352,1,
AGV02,200353,2,
AGV02,200354,2,
AGV02,200355,2,
AGV02,200356,2,
AGV02,200357,2,
AGV02,200358,2,
AGV02,200359,2,
AGV02,200360,2,
AGV02,200361,2,
AGV02,200362,2,
AGV02,200363,2,
AGV02,200364,2,
AGV02,200365,2,
AGV02,200366,2,
AGV02,200367,2,
AGV02,200368,2,
AGV02,200369,2,
AGV02,200370,2,
AGV02,200371,2,
AGV02,200372,2,
AGV02,200373,2,
AGV02,200374,2,
AGV02,200375,2,
AGV02,200376,2,
AGV02,200377,2,
AGV02,200378,2,
AGV02,200379,2,
AGV02,200380,2,
AGV02,200381,2,
AGV02,200382,2,
AGV02,200383,2,
AGV02,200384,2,
AGV02,200385,2,
AGV02,200386,2,
AGV02,200387,2,
AGV02,200388,2,
AGV02,200389,2,
AGV02,200390,2,
AGV02,200391,2,
AGV02,200392,2,
AGV02,200393,2,
AGV02,200394,2,
AGV02,200395,2,
AGV02,200396,2,
AGV02,200397,2,
AGV02,200398,2,
AGV02,200399,2,
AGV02,200400,2,暫停模式-非自動
AGV02,200401,2,動作中-強制手動(需初始化)
AGV02,200402,2,
AGV02,200403,2,
AGV02,200404,2,
AGV02,200405,2,手臂運轉前檢查到命令異常 
AGV02,200406,2,手臂檢查到命令異常 
AGV02,200407,2,
AGV02,200408,2,
AGV02,200409,2,
AGV02,200410,2,
AGV02,200411,2,
AGV02,200412,2,
AGV02,200413,2,
AGV02,200414,2,
AGV02,200415,2,
AGV02,200416,2,
AGV02,200417,2,
AGV02,200418,2,
AGV02,200419,2,
AGV02,200420,2,
AGV02,200421,2,
AGV02,200422,2,
AGV02,200423,2,
AGV02,200424,2,
AGV02,200425,2,
AGV02,200426,2,
AGV02,200427,2,
AGV02,200428,2,
AGV02,200429,2,
AGV02,200430,2,
AGV02,200431,2,
AGV02,200432,2,
AGV02,200433,2,
AGV02,200434,2,
AGV02,200435,2,
AGV02,200436,2,
AGV02,200437,2,
AGV02,200438,2,
AGV02,200439,2,
AGV02,200440,2,
AGV02,200441,2,
AGV02,200442,2,
AGV02,200443,2,
AGV02,200444,2,
AGV02,200445,2,
AGV02,200446,2,
AGV02,200447,2,
AGV02,200448,2,
AGV02,200449,2,
AGV02,200450,2,
AGV02,200451,2,
AGV02,200452,2,
AGV02,200453,2,
AGV02,200454,2,
AGV02,200455,2,
AGV02,200456,2,
AGV02,200457,2,
AGV02,200458,2,
AGV02,200459,2,
AGV02,200460,2,
AGV02,200461,2,
AGV02,200462,2,
AGV02,200463,2,
AGV02,200464,2,
AGV02,200465,2,
AGV02,200466,2,
AGV02,200467,2,
AGV02,200468,2,
AGV02,200469,2,
AGV02,200470,2,
AGV02,200471,2,
AGV02,200472,2,
AGV02,200473,2,
AGV02,200474,2,
AGV02,200475,2,
AGV02,200476,2,
AGV02,200477,2,
AGV02,200478,2,
AGV02,200479,2,
AGV02,200480,2,
AGV02,200481,2,
AGV02,200482,2,
AGV02,200483,2,
AGV02,200484,2,
AGV02,200485,2,
AGV02,200486,2,
AGV02,200487,2,
AGV02,200488,2,
AGV02,200489,2,
AGV02,200490,2,
AGV02,200491,2,
AGV02,200492,2,
AGV02,200493,2,
AGV02,200494,2,
AGV02,200495,2,
AGV02,200496,2,
AGV02,200497,2,
AGV02,200498,2,
AGV02,200499,2,
AGV02,200500,2,Fork Command Format Error. Clear Fork Command for Continue!(IPC)
AGV02,200501,2,Fork Command PLC Read Error. Clear Fork Command for Continue!(IPC)
AGV02,200502,2,Fork Start Send out but Busy not on timeout. Please check PLC.(IPC)
AGV02,200503,2,Fork Command Executing timeout.(IPC)
AGV02,200504,1,Batterys Charging Time Out(IPC)
AGV02,200505,2,(IPC)
AGV02,200506,2,(IPC)
AGV02,200507,2,(IPC)
AGV02,200508,2,(IPC)
AGV02,200509,2,(IPC)
AGV02,200510,2,(IPC)
AGV02,200511,2,(IPC)
AGV02,200512,2,(IPC)
AGV02,200513,2,(IPC)
AGV02,200514,2,(IPC)
AGV02,200515,2,(IPC)
AGV02,200516,2,Move finish fail.(IPC)
AGV02,200517,2,(IPC)
AGV02,200518,2,(IPC)
AGV02,200519,2,(IPC)
AGV02,200520,2,(IPC)
AGV02,200521,2,(IPC)
AGV02,200522,2,(IPC)
AGV02,200523,2,(IPC)
AGV02,200524,2,(IPC)
AGV02,200525,2,(IPC)
AGV02,200526,2,(IPC)
AGV02,200527,2,(IPC)
AGV02,200528,2,(IPC)
AGV02,200529,2,(IPC)
AGV02,200530,2,(IPC)
AGV02,200531,2,(IPC)
AGV02,200532,2,(IPC)
AGV02,200533,2,(IPC)
AGV02,200534,2,(IPC)
AGV02,200535,2,(IPC)
AGV02,200536,2,(IPC)
AGV02,200537,2,(IPC)
AGV02,200538,2,(IPC)
AGV02,200539,2,(IPC)
AGV02,200540,2,(IPC)
AGV02,200541,2,(IPC)
AGV02,200542,2,(IPC)
AGV02,200543,2,(IPC)
AGV02,200544,2,(IPC)
AGV02,200545,2,(IPC)
AGV02,200546,2,(IPC)
AGV02,200547,2,(IPC)
AGV02,200548,2,(IPC)
AGV02,200549,2,(IPC)
AGV02,200550,2,(IPC)
AGV02,200551,2,(IPC)
AGV02,200552,2,(IPC)
AGV02,200553,2,(IPC)
AGV02,200554,2,(IPC)
AGV02,200555,2,(IPC)
AGV02,200556,2,(IPC)
AGV02,200557,2,(IPC)
AGV02,200558,2,(IPC)
AGV02,200559,2,(IPC)
AGV02,200560,2,(IPC)
AGV02,200561,2,(IPC)
AGV02,200562,2,(IPC)
AGV02,200563,2,(IPC)
AGV02,200564,2,(IPC)
AGV02,200565,2,(IPC)
AGV02,200566,2,(IPC)
AGV02,200567,2,(IPC)
AGV02,200568,2,(IPC)
AGV02,200569,2,(IPC)
AGV02,200570,2,(IPC)
AGV02,200571,2,(IPC)
AGV02,200572,2,(IPC)
AGV02,200573,2,(IPC)
AGV02,200574,2,(IPC)
AGV02,200575,2,(IPC)
AGV02,200576,2,(IPC)
AGV02,200577,2,(IPC)
AGV02,200578,2,(IPC)
AGV02,200579,2,(IPC)
AGV02,200580,2,Elmo連線失敗(IPC)
AGV02,200581,2,Elmo Config讀取失敗(IPC)
AGV02,200582,2,Elmo Config路徑錯誤(IPC)
AGV02,200583,2,SR2000-L連線失敗(IPC)
AGV02,200584,2,SR2000-L資料格式錯誤(IPC)
AGV02,200585,2,SR2000-R連線失敗(IPC)
AGV02,200586,2,SR2000-R資料格式錯誤(IPC)
AGV02,200587,2,出彎後過久沒讀到Barcode(IPC)
AGV02,200588,2,直線過久沒讀到Barcode(IPC)
AGV02,200589,2,和Section角度偏差過大(IPC)
AGV02,200590,2,和Section軌道偏差過大(IPC)
AGV02,200591,2,走行中Fork不再Home點上(IPC)
AGV02,200592,2,走行中Axis異常(IPC)
AGV02,200593,2,走行中Disable或虛擬軸Link失敗(IPC)
AGV02,200594,2,TR入彎超速(IPC)
AGV02,200595,2,與預計路徑差異過大(IPC)
AGV02,200596,2,四輪角度差異過大(IPC)
AGV02,200597,2,R2000入彎超速(IPC)
AGV02,200598,2,(IPC)
AGV02,200599,2,(IPC)
AGV02,200600,2,(IPC)
AGV02,200601,2,(IPC)
AGV02,200602,2,(IPC)
AGV02,200603,2,(IPC)
AGV02,200604,2,(IPC)
AGV02,200605,2,(IPC)
AGV02,200606,2,(IPC)
AGV02,200607,2,(IPC)
AGV02,200608,2,(IPC)
AGV02,200609,2,(IPC)
AGV02,200610,2,(IPC)
AGV02,200611,2,(IPC)
AGV02,200612,2,(IPC)
AGV02,200613,2,(IPC)
AGV02,200614,2,(IPC)
AGV02,200615,2,(IPC)
AGV02,200616,2,(IPC)
AGV02,200617,2,(IPC)
AGV02,200618,2,(IPC)
AGV02,200619,2,(IPC)
AGV02,200620,2,(IPC)
AGV02,200621,2,(IPC)
AGV02,200622,2,(IPC)
AGV02,200623,2,(IPC)
AGV02,200624,2,(IPC)
AGV02,200625,2,(IPC)
AGV02,200626,2,(IPC)
AGV02,200627,2,(IPC)
AGV02,200628,2,(IPC)
AGV02,200629,2,(IPC)
AGV02,200630,2,(IPC)
AGV02,200631,2,(IPC)
AGV02,200632,2,(IPC)
AGV02,200633,2,(IPC)
AGV02,200634,2,(IPC)
AGV02,200635,2,(IPC)
AGV02,200636,2,(IPC)
AGV02,200637,2,(IPC)
AGV02,200638,2,(IPC)
AGV02,200639,2,(IPC)
AGV02,200640,2,(IPC)
AGV02,200641,2,(IPC)
AGV02,200642,2,(IPC)
AGV02,200643,2,(IPC)
AGV02,200644,2,(IPC)
AGV02,200645,2,(IPC)
AGV02,200646,2,(IPC)
AGV02,200647,2,(IPC)
AGV02,200648,2,(IPC)
AGV02,200649,2,(IPC)
AGV02,200650,2,(IPC)
AGV02,200651,2,(IPC)
AGV02,200652,2,(IPC)
AGV02,200653,2,(IPC)
AGV02,200654,2,(IPC)
AGV02,200655,2,(IPC)
AGV02,200656,2,(IPC)
AGV02,200657,2,(IPC)
AGV02,200658,2,(IPC)
AGV02,200659,2,(IPC)
AGV02,200660,1,Agv already have a transfer command on middler get new transfer command.(IPC)
AGV02,200661,1,Watch low power thread is charging can't do new transfer command.(IPC)
AGV02,200662,1,Loading is off after load finished.(IPC)
AGV02,200663,1,Carrier ID is EMPTY after load finished.(IPC)
AGV02,200664,1,Carrier ID is ERROR after load finished.(IPC)
AGV02,200665,1,Loading is ON after unload finished.(IPC)
AGV02,200666,1,Fork command is exist before unload.(IPC)
AGV02,200667,1,Vehicle is not in unload position and cannot unload.(IPC)
AGV02,200668,1,Fork command is exist before load.(IPC)
AGV02,200669,1,Vehicle is not in guide sections.(IPC)
AGV02,200670,1,This address is a couple but no charge direction.(IPC)
AGV02,200671,1,Charging is OFF after send start charge command to plc.(IPC)
AGV02,200672,1,Charging is ON after send stop charge command to plc.(IPC)
AGV02,200673,1,Vehicle is not in load position and cannot load.(IPC)
AGV02,200674,1,Vehicle already have cassette cannot load.(IPC)
AGV02,200675,1,Vehicle has no cassette to unload.(IPC)
AGV02,200676,1,AgvcMoveCommand is not match the map to move.(IPC)
AGV02,200677,1,Vehicle has no command to override.(IPC)
AGV02,200678,1,Vehicle is not in moving-step.(IPC)
AGV02,200679,1,Vehicle has next reserve to go.(IPC)
AGV02,200680,1,Unload address unmatch current command unload address.(IPC)
AGV02,200681,1,Load address unmatch current command load address.(IPC)
AGV02,200682,1,ToUnloadSections is empty.(IPC)
AGV02,200683,1,ToLoadSections is empty.(IPC)
AGV02,200684,1,Vehicle can not do override.(IPC)
AGV02,200685,1,Vehicle can not pause.(IPC)
AGV02,200686,1,Carrier ID is mismatch after load finished.(IPC)
AGV02,200687,1,Carrier ID read reply is timeout(IPC)
AGV02,200688,1,Vehicle has alarm cannot do transfer command.(IPC)
AGV02,200689,2,(IPC)
AGV02,200690,2,(IPC)
AGV02,200691,2,(IPC)
AGV02,200692,2,(IPC)
AGV02,200693,2,(IPC)
AGV02,200694,2,(IPC)
AGV02,200695,2,(IPC)
AGV02,200696,2,(IPC)
AGV02,200697,2,(IPC)
AGV02,200698,2,(IPC)
AGV02,200699,2,(IPC)
AGV02,200700,2,(IPC)
AGV02,200701,2,(IPC)
AGV02,200702,2,(IPC)
AGV02,200703,2,(IPC)
AGV02,200704,2,(IPC)
AGV02,200705,2,(IPC)
AGV02,200706,2,(IPC)
AGV02,200707,2,(IPC)
AGV02,200708,2,(IPC)
AGV02,200709,2,(IPC)
AGV02,200710,2,(IPC)
AGV02,200711,2,(IPC)
AGV02,200712,2,(IPC)
AGV02,200713,2,(IPC)
AGV02,200714,2,(IPC)
AGV02,200715,2,(IPC)
AGV02,200716,2,(IPC)
AGV02,200717,2,(IPC)
AGV02,200718,2,(IPC)
AGV02,200719,2,(IPC)
AGV02,200720,2,(IPC)
AGV02,200721,2,(IPC)
AGV02,200722,2,(IPC)
AGV02,200723,2,(IPC)
AGV02,200724,2,(IPC)
AGV02,200725,2,(IPC)
AGV02,200726,2,(IPC)
AGV02,200727,2,(IPC)
AGV02,200728,2,(IPC)
AGV02,200729,2,(IPC)
AGV02,200730,2,(IPC)
AGV02,200731,2,(IPC)
AGV02,200732,2,(IPC)
AGV02,200733,2,(IPC)
AGV02,200734,2,(IPC)
AGV02,200735,2,(IPC)
AGV02,200736,2,(IPC)
AGV02,200737,2,(IPC)
AGV02,200738,2,(IPC)
AGV02,200739,2,(IPC)
AGV02,200740,2,Axis ErrorCode(IPC)
AGV02,200741,2,TR瞬間GT Moving(IPC)
AGV02,200742,2,R2000入彎過慢(IPC)
AGV02,200743,2,降速指令降速速度異常(IPC)
AGV02,200744,2,MoveControl主Thread Excption(IPC)
AGV02,200745,2,(IPC)
AGV02,200746,2,(IPC)
AGV02,200747,2,(IPC)
AGV02,200748,2,(IPC)
AGV02,200749,2,(IPC)
AGV02,200750,2,(IPC)
AGV02,200751,2,(IPC)
AGV02,200752,2,(IPC)
AGV02,200753,2,(IPC)
AGV02,200754,2,(IPC)
AGV02,200755,2,(IPC)
AGV02,201001,2,Maintain Mode
AGV02,201002,2,IPC Not Ready
AGV02,201003,2,
AGV02,201004,2,
AGV02,201005,2,Notification preparation and maintenance
AGV02,201006,2,Driver Battery Low
AGV02,201007,2,PLC Battery Low
AGV02,201008,2,CC-Link Master
AGV02,201009,2,
AGV02,201010,2,Fork Command NG
AGV02,201011,2,Fork Command Idle
AGV02,201012,2,
AGV02,201013,2,
AGV02,201014,2,
AGV02,201015,2,
AGV02,201016,2,
AGV02,201017,2,
AGV02,201018,2,
AGV02,201019,2,ET2 Fork Teaching Report
AGV02,201020,2,ET2 Index Timeout
AGV02,201021,2,ET3 Vehicle Teaching Report
AGV02,201022,2,ET3 Index Timeout
AGV02,201023,2,ET4 Fork Alignment Teching Report
AGV02,201024,2,ET4 Index Timeout
AGV02,201025,2,
AGV02,201026,2,ES3 Index Timeout
AGV02,201027,2,
AGV02,201028,2,
AGV02,201029,2,
AGV02,201030,2,
AGV02,201031,2,
AGV02,201032,2,
AGV02,201033,2,
AGV02,201034,2,
AGV02,201035,2,
AGV02,201036,2,
AGV02,201037,2,
AGV02,201038,2,
AGV02,201039,2,
AGV02,201040,2,Vehicle Battery Setting status(None)
AGV02,201041,2,Vehicle BMS High Battery Warnning
AGV02,201042,2,Vehicle BMS Low Battery Warnning
AGV02,201043,2,
AGV02,201044,2,
AGV02,201045,2,
AGV02,201046,2,
AGV02,201047,2,
AGV02,201048,2,
AGV02,201049,2,
AGV02,201050,2,Alignment Disable
AGV02,201051,2,Stage Sensor Disable
AGV02,201052,2,Fork Sensor Disable
AGV02,201053,2,Fork Sensor(二重格)L Side Disable
AGV02,201054,2,Fork Sensor(二重格)R Side Disable
AGV02,201055,2,Bump Disable
AGV02,201056,2,
AGV02,201057,2,IPC Stop Command Disable
AGV02,201058,2,
AGV02,201059,2,
AGV02,201060,2,
AGV02,201061,2,
AGV02,201062,2,
AGV02,201063,2,
AGV02,201064,2,
AGV02,201065,2,
AGV02,201066,2,
AGV02,201067,2,
AGV02,201068,2,
AGV02,201069,2,
AGV02,201070,2,Beam Sensor_FUR Warnning
AGV02,201071,2,Beam Sensor_FUL Warnning
AGV02,201072,2,Beam Sensor_FDR Warnning
AGV02,201073,2,Beam Sensor_FDC Warnning
AGV02,201074,2,Beam Sensor_FDL Warnning
AGV02,201075,2,Beam Sensor_BUR Warnning
AGV02,201076,2,Beam Sensor_BUL Warnning
AGV02,201077,2,Beam Sensor_BDR Warnning
AGV02,201078,2,Beam Sensor_BDC Warnning
AGV02,201079,2,Beam Sensor_BDL Warnning
AGV02,201080,2,Beam Sensor_LUR Warnning
AGV02,201081,2,Beam Sensor_LUL Warnning
AGV02,201082,2,Beam Sensor_LDR Warnning
AGV02,201083,2,Beam Sensor_LDL Warnning
AGV02,201084,2,Beam Sensor_LUC Warnning
AGV02,201085,2,Beam Sensor_RUR Warnning
AGV02,201086,2,Beam Sensor_RUL Warnning
AGV02,201087,2,Beam Sensor_RDR Warnning
AGV02,201088,2,Beam Sensor_RDL Warnning
AGV02,201089,2,Beam Sensor_RUC Warnning
AGV02,201090,2,
AGV02,201091,2,
AGV02,201092,2,
AGV02,201093,2,
AGV02,201094,2,
AGV02,201095,2,
AGV02,201096,2,
AGV02,201097,2,
AGV02,201098,2,
AGV02,201099,2,
AGV02,201100,2,Teach_box _FU Warnning
AGV02,201101,2,Teach_box _BU Warnning
AGV02,201102,2,Brake release _FU Warnning
AGV02,201103,2,Brake release _BU Warnning
AGV02,201104,2,
AGV02,201105,2,
AGV02,201106,2,
AGV02,201107,2,
AGV02,201108,2,
AGV02,201109,2,
AGV02,201110,2,Meter Communication Timeout
AGV02,201111,2,Meter Communication Error
AGV02,201112,2,Charger Station Error
AGV02,201113,2,
AGV02,201114,2,
AGV02,201115,2,GOTECH Battery Communication Timeout
AGV02,201116,2,GOTECH Battery Communication NG
AGV02,201117,2,
AGV02,201118,2,
AGV02,201119,2,
AGV02,201120,2,
AGV02,201121,2,
AGV02,201122,2,
AGV02,201123,2,
AGV02,201124,2,
AGV02,201125,2,
AGV02,201126,2,
AGV02,201127,2,
AGV02,201128,2,
AGV02,201129,2,
AGV02,201130,2,
AGV02,201131,2,
AGV02,201132,2,
AGV02,201133,2,
AGV02,201134,2,
AGV02,201135,1,LiDAR_F Alarm
AGV02,201136,1,LiDAR_F Fault
AGV02,201137,1,LiDAR_B Alarm
AGV02,201138,1,LiDAR_B Fault
AGV02,201139,2,
AGV02,201140,2,
AGV02,201141,2,
AGV02,201142,2,
AGV02,201143,2,
AGV02,201144,2,
AGV02,201145,2,
AGV02,201146,2,
AGV02,201147,2,
AGV02,201148,2,
AGV02,201149,2,
AGV02,201150,2,Interface T1 Timeout(L Side)
AGV02,201151,2,Interface T2 Timeout(L Side)
AGV02,201152,2,Interface T3 Timeout(L Side)
AGV02,201153,2,Interface T4 Timeout(L Side)
AGV02,201154,2,Interface T5 Timeout(L Side)
AGV02,201155,2,Interface T6 Timeout(L Side)
AGV02,201156,2,Interface T7 Timeout(L Side)
AGV02,201157,2,Interface T8 Timeout(L Side)
AGV02,201158,2,Interface Signal On(L Side)
AGV02,201159,2,Ready Signal Off(L Side)
AGV02,201160,2,Interface T1 Timeout(R Side)
AGV02,201161,2,Interface T2 Timeout(R Side)
AGV02,201162,2,Interface T3 Timeout(R Side)
AGV02,201163,2,Interface T4 Timeout(R Side)
AGV02,201164,2,Interface T5 Timeout(R Side)
AGV02,201165,2,Interface T6 Timeout(R Side)
AGV02,201166,2,Interface T7 Timeout(R Side)
AGV02,201167,2,Interface T8 Timeout(R Side)
AGV02,201168,2,Interface Signal On(R Side)
AGV02,201169,2,Ready Signal Off(R Side)
AGV03,1,1,Agv already have a transfer command on middler get new transfer command.
AGV03,2,1,Watch low power thread is charging can't do new transfer command.
AGV03,3,1,Loading is off after load finished.
AGV03,4,1,Carrier ID is EMPTY after load finished.
AGV03,5,1,Carrier ID is ERROR after load finished.
AGV03,6,1,Move finish fail.
AGV03,7,1,Loading is ON after unload finished.
AGV03,8,1,Fork command is exist before unload.
AGV03,9,1,Vehicle is not in unload position and cannot unload.
AGV03,10,1,Fork command is exist before load.
AGV03,11,1,Vehicle is not in guide sections.
AGV03,12,1,This address is a couple but no charge direction.
AGV03,13,1,Charging is OFF after send start charge command to plc.
AGV03,14,1,Charging is ON after send stop charge command to plc.
AGV03,15,1,Vehicle is not in load position and cannot load.
AGV03,16,1,Vehicle already have cassette cannot load.
AGV03,17,1,Vehicle has no cassette to unload.
AGV03,18,1,AgvcMoveCommand is not match the map to move.
AGV03,19,1,Vehicle is not in transfer reject override.
AGV03,20,1,Vehicle is not in moving-step reject override.
AGV03,21,1,Vehicle is not pause by reserve reject override.
AGV03,22,1,Unload address unmatch current command unload address.
AGV03,23,1,Load address unmatch current command load address.
AGV03,24,1,ToUnloadSections is empty.
AGV03,25,1,ToLoadSections is empty.
AGV03,26,1,Exception happened in override-check.
AGV03,27,2,Fork not home reject transfer command.
AGV03,28,1,Carrier ID is mismatch after load finished.
AGV03,29,1,Carrier ID read reply is timeout
AGV03,30,1,Vehicle has alarm cannot do transfer command.
AGV03,31,1,MoveControl status is not idle cannot switch to auto mode.
AGV03,32,1,Real position is null cannot switch to auto mode.
AGV03,33,1,Vehicle is not in transfer reject avoid.
AGV03,34,1,Vehicle is not in moving-step reject avoid.
AGV03,35,1,Vehicle is not pause by reserve reject avoid.
AGV03,36,1,Exception happened in avoid-check.
AGV03,100000,2,Elmo連線失敗
AGV03,100001,2,Elmo Config讀取失敗
AGV03,100002,2,Elmo Config路徑錯誤
AGV03,101000,2,SR2000-L連線失敗
AGV03,101001,2,SR2000-L資料格式錯誤
AGV03,101100,2,SR2000-R連線失敗
AGV03,101101,2,SR2000-R資料格式錯誤
AGV03,110000,2,拒絕Middler移動命令:程式關閉中
AGV03,110001,2,拒絕Middler移動命令:AGV移動中
AGV03,110002,2,拒絕Middler移動命令:Charging
AGV03,110003,2,拒絕Middler移動命令:Fork not Home
AGV03,110004,2,拒絕Middler移動命令:起點誤差過大
AGV03,110005,2,拒絕Middler移動命令:AGV迷航中
AGV03,110006,2,拒絕Middler移動命令:命令分解失敗
AGV03,130000,2,出彎後過久沒讀到Barcode
AGV03,130001,2,直線過久沒讀到Barcode
AGV03,130002,2,和Section角度偏差過大
AGV03,130003,2,和Section軌道偏差過大
AGV03,130009,2,沒讀取到該讀取的Barcode
AGV03,140000,2,走行中Fork不再Home點上
AGV03,142000,2,走行中XFL異常
AGV03,142001,2,走行中XFR異常
AGV03,142002,2,走行中XRL異常
AGV03,142003,2,走行中XRR異常
AGV03,142004,2,走行中TFL異常
AGV03,142005,2,走行中TFR異常
AGV03,142006,2,走行中TRL異常
AGV03,142007,2,走行中TRR異常
AGV03,142100,2,走行中VXFL異常
AGV03,142101,2,走行中VXFR異常
AGV03,142102,2,走行中VXRL異常
AGV03,142103,2,走行中VXRR異常
AGV03,142104,2,走行中VTFL異常
AGV03,142105,2,走行中VTFR異常
AGV03,142106,2,走行中VTRL異常
AGV03,142107,2,走行中VTRR異常
AGV03,150000,2,MoveControl主Thread Excption
AGV03,150001,2,移動前旋轉轉向軸旋轉不到位
AGV03,150002,2,超過命令觸發區間
AGV03,150003,2,AGV莫停
AGV03,151000,2,降速指令降速速度異常
AGV03,152000,2,TR入彎超速
AGV03,152001,2,與預計路徑差異過大
AGV03,152002,1,TR瞬間GT Moving
AGV03,152003,2,四輪角度差異過大
AGV03,153000,2,R2000入彎超速
AGV03,153001,1,R2000入彎過慢
AGV03,153002,2,R2000異常停止
AGV03,154000,2,角度偏差過大
AGV03,154001,2,軌道偏差過大
AGV03,155000,2,SlowStop Timeout
AGV03,155001,2,Stop Timeout
AGV03,155002,2,StopAndClear Timeout
AGV03,156000,2,二修timeout
AGV03,156001,2,啟動二修timeout
AGV03,159998,2,程式觸發不應該觸發的地方
AGV03,159999,2,觸發到未實作功能
AGV03,270001,2,Fork Command Format NG
AGV03,270002,2,Fork Command Read timeout
AGV03,270003,2,Fork Not Busy timeout
AGV03,270004,2,Fork Command Executing timeout
AGV03,270005,1,Batterys Charging Time Out
AGV03,270007,2,Fork Home Flag Waiting timeout
AGV03,200001,2,Safety Not Ready
AGV03,200002,2,MC Not Ready(100)
AGV03,200003,2,MC Not Ready(284V Power Supply)
AGV03,200004,2,
AGV03,200005,2,
AGV03,200006,2,
AGV03,200007,2,
AGV03,200008,2,
AGV03,200009,2,
AGV03,200010,2,Main box emergency stop
AGV03,200011,2,Emergency stop(Teach Box)
AGV03,200012,2,Emergency stop(FR)
AGV03,200013,2,Emergency stop(FC)
AGV03,200014,2,Emergency stop(FL)
AGV03,200015,2,Emergency stop(BR)
AGV03,200016,2,Emergency stop(BC)
AGV03,200017,2,Emergency stop(BL)
AGV03,200018,2,Emergency stop(IPC Command)
AGV03,200019,2,
AGV03,200020,2,
AGV03,200021,2,
AGV03,200022,2,
AGV03,200023,2,
AGV03,200024,2,
AGV03,200025,2,
AGV03,200026,2,
AGV03,200027,2,
AGV03,200028,2,
AGV03,200029,2,
AGV03,200030,2,
AGV03,200031,1,
AGV03,200032,1,
AGV03,200033,1,
AGV03,200034,1,
AGV03,200035,1,
AGV03,200036,1,
AGV03,200037,2,
AGV03,200038,2,
AGV03,200039,2,
AGV03,200040,2,
AGV03,200041,2,
AGV03,200042,2,
AGV03,200043,2,
AGV03,200044,2,
AGV03,200045,2,284V Power Supply1 Start Alarm
AGV03,200046,2,284V Power Supply2 Start Alarm
AGV03,200047,2,284V Power Supply3 Start Alarm
AGV03,200048,2,284V Power Supply1 FAN Alarm
AGV03,200049,2,284V Power Supply2 FAN Alarm
AGV03,200050,2,284V Power Supply3 FAN Alarm
AGV03,200051,2,284V Power Supply1 Overcurrent Alarm
AGV03,200052,2,284V Power Supply2 Overcurrent Alarm
AGV03,200053,2,284V Power Supply1 Temperature Alarm
AGV03,200054,2,284V Power Supply2 Temperature Alarm
AGV03,200055,2,
AGV03,200056,2,
AGV03,200057,2,
AGV03,200058,2,
AGV03,200059,2,
AGV03,200060,2,Bump_F Alarm
AGV03,200061,2,Bump_F Alarm(No Setup)
AGV03,200062,2,
AGV03,200063,2,
AGV03,200064,2,
AGV03,200065,2,
AGV03,200066,2,Bump_B Alarm
AGV03,200067,2,Bump_B Alarm(No Setup)
AGV03,200068,2,
AGV03,200069,2,
AGV03,200070,2,
AGV03,200071,2,
AGV03,200072,2,Bump_L Alarm
AGV03,200073,2,Bump_L Alarm(No Setup)
AGV03,200074,2,Bump_R Alarm
AGV03,200075,2,Bump_R Alarm(No Setup)
AGV03,200076,2,
AGV03,200077,2,
AGV03,200078,2,
AGV03,200079,2,
AGV03,200080,2,
AGV03,200081,2,
AGV03,200082,2,
AGV03,200083,2,
AGV03,200084,2,
AGV03,200085,2,
AGV03,200086,2,
AGV03,200087,2,
AGV03,200088,2,
AGV03,200089,2,
AGV03,200090,1,Charger Timeout(R)
AGV03,200091,1,Charger Timeout(L)
AGV03,200092,1,Charger Signal Off(R)
AGV03,200093,1,Charger Signal Off(L)
AGV03,200094,1,Charger Confirm Sensor Off(R)
AGV03,200095,1,Charger Confirm Sensor Off(L)
AGV03,200096,2,
AGV03,200097,2,
AGV03,200098,2,
AGV03,200099,2,
AGV03,200100,2,Vehicle BAT Overheating_F Alarm
AGV03,200101,2,Vehicle BAT Overheating_B Alarm
AGV03,200102,2,Vehicle BMS Low Battery Alarm
AGV03,200103,2,Vehicle BAT Temperature Alarm
AGV03,200104,2,Vehicle BAT-F FAN1 Alarm
AGV03,200105,2,Vehicle BAT-F FAN2 Alarm
AGV03,200106,2,Vehicle BAT-B FAN1 Alarm
AGV03,200107,2,Vehicle BAT-B FAN2 Alarm
AGV03,200108,2,
AGV03,200109,2,
AGV03,200110,2,
AGV03,200111,2,
AGV03,200112,2,
AGV03,200113,2,
AGV03,200114,2,
AGV03,200115,2,
AGV03,200116,2,
AGV03,200117,2,
AGV03,200118,2,
AGV03,200119,2,
AGV03,200120,2,Fork Command Timeout
AGV03,200121,2,Stage Command NG
AGV03,200122,2,Command Type NG
AGV03,200123,2,置物二重格判斷異常(Double Storage)
AGV03,200124,2,置物二重格判斷異常(Double Storage)
AGV03,200125,2,取物二重格判斷異常(Empty Retrieval)
AGV03,200126,2,取物二重格判斷異常(Empty Retrieval)
AGV03,200127,2,Vehicle Direction NG
AGV03,200128,2,Vehicle Home NG
AGV03,200129,2,Fork Home NG
AGV03,200130,2,Fork Servo NG
AGV03,200131,2,Fork Command Signal NG
AGV03,200132,2,Fork Busy Signal NG
AGV03,200133,2,Fork Speed NG
AGV03,200134,2,Spare NG
AGV03,200135,2,System Status NG
AGV03,200136,2,
AGV03,200137,2,
AGV03,200138,2,
AGV03,200139,2,
AGV03,200140,2,Fork Alignment NG
AGV03,200141,2,Fork Alignment Value NG(P Max)
AGV03,200142,2,Fork Alignment Value NG(P Min)
AGV03,200143,2,Fork Alignment Value NG(Y Max)
AGV03,200144,2,Fork Alignment Value NG(Y Min)
AGV03,200145,2,Fork Alignment Value NG(? Max)
AGV03,200146,2,Fork Alignment Value NG(? Min)
AGV03,200147,2,
AGV03,200148,2,
AGV03,200149,2,
AGV03,200150,2,GOTECH BAT Cell Voltage Alarm(Internal))
AGV03,200151,2,GOTECH BAT MOSFET Temperature 1 Alarm(Internal)
AGV03,200152,2,GOTECH BAT Cell Temperature 2 Alarm(Internal)
AGV03,200153,2,GOTECH BAT MCU Temperature 3 Alarm(Internal)
AGV03,200154,2,GOTECH BAT Over Voltage Alarm(Internal)
AGV03,200155,2,GOTECH BAT Under Voltage Alarm(Internal)
AGV03,200156,2,GOTECH BAT Over Current Alarm(Internal)
AGV03,200157,2,GOTECH BAT Over Voltage Alarm(Communication)
AGV03,200158,2,GOTECH BAT Under Voltage Alarm(Communication)
AGV03,200159,2,GOTECH BAT Over Temperature Alarm(Communication)
AGV03,200160,2,GOTECH BAT Under Temperature Alarm(Communication)
AGV03,200161,2,GOTECH BAT Unbalance Alarm(Communication)
AGV03,200162,2,GOTECH BAT Over Current Alarm(Communication)
AGV03,200163,2,
AGV03,200164,2,
AGV03,200165,2,
AGV03,200166,2,
AGV03,200167,2,
AGV03,200168,2,
AGV03,200169,2,
AGV03,200170,2,
AGV03,200171,2,
AGV03,200172,2,
AGV03,200173,2,
AGV03,200174,2,
AGV03,200175,2,
AGV03,200176,2,
AGV03,200177,2,
AGV03,200178,2,
AGV03,200179,2,
AGV03,200180,2,
AGV03,200181,2,
AGV03,200182,2,
AGV03,200183,2,
AGV03,200184,2,
AGV03,200185,2,
AGV03,200186,2,
AGV03,200187,2,
AGV03,200188,2,
AGV03,200189,2,
AGV03,200190,2,
AGV03,200191,2,
AGV03,200192,2,
AGV03,200193,2,
AGV03,200194,2,
AGV03,200195,2,
AGV03,200196,2,
AGV03,200197,2,
AGV03,200198,2,
AGV03,200199,2,
AGV03,200200,2,
AGV03,200201,2,緊急停止  
AGV03,200202,2,伺服命令位址異常
AGV03,200203,2,伺服輸入儲位資料錯誤
AGV03,200204,2,
AGV03,200205,2,Port二重格無物
AGV03,200206,2,Port二重格有物
AGV03,200207,2,
AGV03,200208,2,
AGV03,200209,2,
AGV03,200210,2,手臂荷有檢知異常(取)
AGV03,200211,2,手臂荷有檢知異常(置)
AGV03,200212,2,手臂荷有檢知異常(手臂移動中)
AGV03,200213,2,置物後手臂有物
AGV03,200214,2,
AGV03,200215,2,手臂運轉前檢查到命令異常 
AGV03,200216,2,手臂檢查到命令異常 
AGV03,200217,2,
AGV03,200218,2,
AGV03,200219,2,
AGV03,200220,2,動作命令運轉超時
AGV03,200221,2,
AGV03,200222,2,
AGV03,200223,2,
AGV03,200224,2,
AGV03,200225,2,
AGV03,200226,2,
AGV03,200227,2,
AGV03,200228,2,
AGV03,200229,2,
AGV03,200230,2,AGV 異常
AGV03,200231,2,
AGV03,200232,2,
AGV03,200233,2,
AGV03,200234,2,
AGV03,200235,2,原點迷失
AGV03,200236,2,走行原點迷失
AGV03,200237,2,昇降原點迷失
AGV03,200238,2,回轉原點迷失
AGV03,200239,2,叉臂原點迷失
AGV03,200240,2,走行動作中-叉臂位置錯誤
AGV03,200241,2,走行原點復歸超時
AGV03,200242,1,走行動作中超時
AGV03,200243,1,走行驅動器異常
AGV03,200244,1,走行驅動器異常
AGV03,200245,1,走行驅動器異常
AGV03,200246,1,走行HP原點光電檢測異常
AGV03,200247,1,走行HP光電檢測異常
AGV03,200248,2,走行HP側極限光電異常
AGV03,200249,1,走行 EN 超過 HP 極限
AGV03,200250,2,走行OP原點光電檢測異常
AGV03,200251,2,走行OP光電檢測異常
AGV03,200252,2,走行OP側極限光電異常
AGV03,200253,2,走行 EN 超過 OP 極限
AGV03,200254,2,
AGV03,200255,2,
AGV03,200256,2,
AGV03,200257,2,
AGV03,200258,2,
AGV03,200259,2,
AGV03,200260,2,升降動作中-叉臂動作
AGV03,200261,2,升降原點復歸超時
AGV03,200262,1,升降動作中超時
AGV03,200263,1,升降驅動器異常
AGV03,200264,1,升降驅動器異常
AGV03,200265,1,升降驅動器異常
AGV03,200266,1,升降HP原點光電檢測異常
AGV03,200267,1,升降上定位光電檢測異常
AGV03,200268,1,升降上極限光電異常
AGV03,200269,1,升降 EN 超過上極限
AGV03,200270,1,升降OP原點光電檢測異常
AGV03,200271,1,升降下定位光電檢測異常
AGV03,200272,1,升降下極限光電異常
AGV03,200273,1,升降 EN 超過下極限
AGV03,200274,1,升降台傾斜檢知
AGV03,200275,1,
AGV03,200276,1,
AGV03,200277,1,
AGV03,200278,1,
AGV03,200279,1,
AGV03,200280,1,叉臂動作中-走行升降迴轉動作
AGV03,200281,1,叉臂原點復歸超時
AGV03,200282,2,叉臂動作中超時
AGV03,200283,2,叉臂驅動器異常
AGV03,200284,2,叉臂驅動器異常
AGV03,200285,2,叉臂驅動器異常
AGV03,200286,2,叉臂HP原點光電檢測異常
AGV03,200287,2,叉臂HP光電檢測異常
AGV03,200288,2,叉臂HP側極限光電異常
AGV03,200289,2,叉臂 EN 超過 HP 極限
AGV03,200290,2,叉臂OP原點光電檢測異常
AGV03,200291,2,叉臂OP光電檢測異常
AGV03,200292,2,叉臂OP側極限光電異常
AGV03,200293,2,叉臂 EN 超過 OP 極限
AGV03,200294,2,叉臂不在HP(初始位置)
AGV03,200295,2,叉臂動作中異常
AGV03,200296,2,
AGV03,200297,2,
AGV03,200298,2,
AGV03,200299,2,
AGV03,200300,2,迴轉超時-定位
AGV03,200301,2,迴轉原點復歸超時
AGV03,200302,2,迴轉動作中超時
AGV03,200303,2,迴轉驅動器異常
AGV03,200304,2,迴轉驅動器異常
AGV03,200305,2,迴轉驅動器異常
AGV03,200306,2,迴轉0度原點光電檢測異常
AGV03,200307,2,迴轉0度光電檢測異常
AGV03,200308,2,迴轉0度側極限光電異常
AGV03,200309,2,迴轉 EN 超過 0度極限
AGV03,200310,2,迴轉180度原點光電檢測異常
AGV03,200311,2,迴轉180度光電檢測異常
AGV03,200312,2,迴轉180度側極限光電異常
AGV03,200313,2,迴轉 EN 超過 180度極限
AGV03,200314,2,
AGV03,200315,2,迴轉90度光電檢測異常
AGV03,200316,2,迴轉位置異常
AGV03,200317,2,迴轉無光電檢測異常
AGV03,200318,2,
AGV03,200319,2,
AGV03,200320,2,
AGV03,200321,2,
AGV03,200322,2,
AGV03,200323,2,
AGV03,200324,2,
AGV03,200325,2,
AGV03,200326,2,
AGV03,200327,1,
AGV03,200328,1,
AGV03,200329,1,
AGV03,200330,1,
AGV03,200331,2,
AGV03,200332,2,
AGV03,200333,2,
AGV03,200334,2,
AGV03,200335,2,
AGV03,200336,2,
AGV03,200337,2,
AGV03,200338,2,
AGV03,200339,2,
AGV03,200340,2,
AGV03,200341,2,
AGV03,200342,1,
AGV03,200343,2,
AGV03,200344,2,
AGV03,200345,2,
AGV03,200346,2,
AGV03,200347,2,
AGV03,200348,2,
AGV03,200349,2,
AGV03,200350,2,
AGV03,200351,2,
AGV03,200352,1,
AGV03,200353,2,
AGV03,200354,2,
AGV03,200355,2,
AGV03,200356,2,
AGV03,200357,2,
AGV03,200358,2,
AGV03,200359,2,
AGV03,200360,2,
AGV03,200361,2,
AGV03,200362,2,
AGV03,200363,2,
AGV03,200364,2,
AGV03,200365,2,
AGV03,200366,2,
AGV03,200367,2,
AGV03,200368,2,
AGV03,200369,2,
AGV03,200370,2,
AGV03,200371,2,
AGV03,200372,2,
AGV03,200373,2,
AGV03,200374,2,
AGV03,200375,2,
AGV03,200376,2,
AGV03,200377,2,
AGV03,200378,2,
AGV03,200379,2,
AGV03,200380,2,
AGV03,200381,2,
AGV03,200382,2,
AGV03,200383,2,
AGV03,200384,2,
AGV03,200385,2,
AGV03,200386,2,
AGV03,200387,2,
AGV03,200388,2,
AGV03,200389,2,
AGV03,200390,2,
AGV03,200391,2,
AGV03,200392,2,
AGV03,200393,2,
AGV03,200394,2,
AGV03,200395,2,
AGV03,200396,2,
AGV03,200397,2,
AGV03,200398,2,
AGV03,200399,2,
AGV03,200400,2,暫停模式-非自動
AGV03,200401,2,動作中-強制手動(需初始化)
AGV03,200402,2,
AGV03,200403,2,
AGV03,200404,2,
AGV03,200405,2,手臂運轉前檢查到命令異常 
AGV03,200406,2,手臂檢查到命令異常 
AGV03,200407,2,
AGV03,200408,2,
AGV03,200409,2,
AGV03,200410,2,
AGV03,200411,2,
AGV03,200412,2,
AGV03,200413,2,
AGV03,200414,2,
AGV03,200415,2,
AGV03,200416,2,
AGV03,200417,2,
AGV03,200418,2,
AGV03,200419,2,
AGV03,200420,2,
AGV03,200421,2,
AGV03,200422,2,
AGV03,200423,2,
AGV03,200424,2,
AGV03,200425,2,
AGV03,200426,2,
AGV03,200427,2,
AGV03,200428,2,
AGV03,200429,2,
AGV03,200430,2,
AGV03,200431,2,
AGV03,200432,2,
AGV03,200433,2,
AGV03,200434,2,
AGV03,200435,2,
AGV03,200436,2,
AGV03,200437,2,
AGV03,200438,2,
AGV03,200439,2,
AGV03,200440,2,
AGV03,200441,2,
AGV03,200442,2,
AGV03,200443,2,
AGV03,200444,2,
AGV03,200445,2,
AGV03,200446,2,
AGV03,200447,2,
AGV03,200448,2,
AGV03,200449,2,
AGV03,200450,2,
AGV03,200451,2,
AGV03,200452,2,
AGV03,200453,2,
AGV03,200454,2,
AGV03,200455,2,
AGV03,200456,2,
AGV03,200457,2,
AGV03,200458,2,
AGV03,200459,2,
AGV03,200460,2,
AGV03,200461,2,
AGV03,200462,2,
AGV03,200463,2,
AGV03,200464,2,
AGV03,200465,2,
AGV03,200466,2,
AGV03,200467,2,
AGV03,200468,2,
AGV03,200469,2,
AGV03,200470,2,
AGV03,200471,2,
AGV03,200472,2,
AGV03,200473,2,
AGV03,200474,2,
AGV03,200475,2,
AGV03,200476,2,
AGV03,200477,2,
AGV03,200478,2,
AGV03,200479,2,
AGV03,200480,2,
AGV03,200481,2,
AGV03,200482,2,
AGV03,200483,2,
AGV03,200484,2,
AGV03,200485,2,
AGV03,200486,2,
AGV03,200487,2,
AGV03,200488,2,
AGV03,200489,2,
AGV03,200490,2,
AGV03,200491,2,
AGV03,200492,2,
AGV03,200493,2,
AGV03,200494,2,
AGV03,200495,2,
AGV03,200496,2,
AGV03,200497,2,
AGV03,200498,2,
AGV03,200499,2,
AGV03,200500,2,Fork Command Format Error. Clear Fork Command for Continue!(IPC)
AGV03,200501,2,Fork Command PLC Read Error. Clear Fork Command for Continue!(IPC)
AGV03,200502,2,Fork Start Send out but Busy not on timeout. Please check PLC.(IPC)
AGV03,200503,2,Fork Command Executing timeout.(IPC)
AGV03,200504,1,Batterys Charging Time Out(IPC)
AGV03,200505,2,(IPC)
AGV03,200506,2,(IPC)
AGV03,200507,2,(IPC)
AGV03,200508,2,(IPC)
AGV03,200509,2,(IPC)
AGV03,200510,2,(IPC)
AGV03,200511,2,(IPC)
AGV03,200512,2,(IPC)
AGV03,200513,2,(IPC)
AGV03,200514,2,(IPC)
AGV03,200515,2,(IPC)
AGV03,200516,2,Move finish fail.(IPC)
AGV03,200517,2,(IPC)
AGV03,200518,2,(IPC)
AGV03,200519,2,(IPC)
AGV03,200520,2,(IPC)
AGV03,200521,2,(IPC)
AGV03,200522,2,(IPC)
AGV03,200523,2,(IPC)
AGV03,200524,2,(IPC)
AGV03,200525,2,(IPC)
AGV03,200526,2,(IPC)
AGV03,200527,2,(IPC)
AGV03,200528,2,(IPC)
AGV03,200529,2,(IPC)
AGV03,200530,2,(IPC)
AGV03,200531,2,(IPC)
AGV03,200532,2,(IPC)
AGV03,200533,2,(IPC)
AGV03,200534,2,(IPC)
AGV03,200535,2,(IPC)
AGV03,200536,2,(IPC)
AGV03,200537,2,(IPC)
AGV03,200538,2,(IPC)
AGV03,200539,2,(IPC)
AGV03,200540,2,(IPC)
AGV03,200541,2,(IPC)
AGV03,200542,2,(IPC)
AGV03,200543,2,(IPC)
AGV03,200544,2,(IPC)
AGV03,200545,2,(IPC)
AGV03,200546,2,(IPC)
AGV03,200547,2,(IPC)
AGV03,200548,2,(IPC)
AGV03,200549,2,(IPC)
AGV03,200550,2,(IPC)
AGV03,200551,2,(IPC)
AGV03,200552,2,(IPC)
AGV03,200553,2,(IPC)
AGV03,200554,2,(IPC)
AGV03,200555,2,(IPC)
AGV03,200556,2,(IPC)
AGV03,200557,2,(IPC)
AGV03,200558,2,(IPC)
AGV03,200559,2,(IPC)
AGV03,200560,2,(IPC)
AGV03,200561,2,(IPC)
AGV03,200562,2,(IPC)
AGV03,200563,2,(IPC)
AGV03,200564,2,(IPC)
AGV03,200565,2,(IPC)
AGV03,200566,2,(IPC)
AGV03,200567,2,(IPC)
AGV03,200568,2,(IPC)
AGV03,200569,2,(IPC)
AGV03,200570,2,(IPC)
AGV03,200571,2,(IPC)
AGV03,200572,2,(IPC)
AGV03,200573,2,(IPC)
AGV03,200574,2,(IPC)
AGV03,200575,2,(IPC)
AGV03,200576,2,(IPC)
AGV03,200577,2,(IPC)
AGV03,200578,2,(IPC)
AGV03,200579,2,(IPC)
AGV03,200580,2,Elmo連線失敗(IPC)
AGV03,200581,2,Elmo Config讀取失敗(IPC)
AGV03,200582,2,Elmo Config路徑錯誤(IPC)
AGV03,200583,2,SR2000-L連線失敗(IPC)
AGV03,200584,2,SR2000-L資料格式錯誤(IPC)
AGV03,200585,2,SR2000-R連線失敗(IPC)
AGV03,200586,2,SR2000-R資料格式錯誤(IPC)
AGV03,200587,2,出彎後過久沒讀到Barcode(IPC)
AGV03,200588,2,直線過久沒讀到Barcode(IPC)
AGV03,200589,2,和Section角度偏差過大(IPC)
AGV03,200590,2,和Section軌道偏差過大(IPC)
AGV03,200591,2,走行中Fork不再Home點上(IPC)
AGV03,200592,2,走行中Axis異常(IPC)
AGV03,200593,2,走行中Disable或虛擬軸Link失敗(IPC)
AGV03,200594,2,TR入彎超速(IPC)
AGV03,200595,2,與預計路徑差異過大(IPC)
AGV03,200596,2,四輪角度差異過大(IPC)
AGV03,200597,2,R2000入彎超速(IPC)
AGV03,200598,2,(IPC)
AGV03,200599,2,(IPC)
AGV03,200600,2,(IPC)
AGV03,200601,2,(IPC)
AGV03,200602,2,(IPC)
AGV03,200603,2,(IPC)
AGV03,200604,2,(IPC)
AGV03,200605,2,(IPC)
AGV03,200606,2,(IPC)
AGV03,200607,2,(IPC)
AGV03,200608,2,(IPC)
AGV03,200609,2,(IPC)
AGV03,200610,2,(IPC)
AGV03,200611,2,(IPC)
AGV03,200612,2,(IPC)
AGV03,200613,2,(IPC)
AGV03,200614,2,(IPC)
AGV03,200615,2,(IPC)
AGV03,200616,2,(IPC)
AGV03,200617,2,(IPC)
AGV03,200618,2,(IPC)
AGV03,200619,2,(IPC)
AGV03,200620,2,(IPC)
AGV03,200621,2,(IPC)
AGV03,200622,2,(IPC)
AGV03,200623,2,(IPC)
AGV03,200624,2,(IPC)
AGV03,200625,2,(IPC)
AGV03,200626,2,(IPC)
AGV03,200627,2,(IPC)
AGV03,200628,2,(IPC)
AGV03,200629,2,(IPC)
AGV03,200630,2,(IPC)
AGV03,200631,2,(IPC)
AGV03,200632,2,(IPC)
AGV03,200633,2,(IPC)
AGV03,200634,2,(IPC)
AGV03,200635,2,(IPC)
AGV03,200636,2,(IPC)
AGV03,200637,2,(IPC)
AGV03,200638,2,(IPC)
AGV03,200639,2,(IPC)
AGV03,200640,2,(IPC)
AGV03,200641,2,(IPC)
AGV03,200642,2,(IPC)
AGV03,200643,2,(IPC)
AGV03,200644,2,(IPC)
AGV03,200645,2,(IPC)
AGV03,200646,2,(IPC)
AGV03,200647,2,(IPC)
AGV03,200648,2,(IPC)
AGV03,200649,2,(IPC)
AGV03,200650,2,(IPC)
AGV03,200651,2,(IPC)
AGV03,200652,2,(IPC)
AGV03,200653,2,(IPC)
AGV03,200654,2,(IPC)
AGV03,200655,2,(IPC)
AGV03,200656,2,(IPC)
AGV03,200657,2,(IPC)
AGV03,200658,2,(IPC)
AGV03,200659,2,(IPC)
AGV03,200660,1,Agv already have a transfer command on middler get new transfer command.(IPC)
AGV03,200661,1,Watch low power thread is charging can't do new transfer command.(IPC)
AGV03,200662,1,Loading is off after load finished.(IPC)
AGV03,200663,1,Carrier ID is EMPTY after load finished.(IPC)
AGV03,200664,1,Carrier ID is ERROR after load finished.(IPC)
AGV03,200665,1,Loading is ON after unload finished.(IPC)
AGV03,200666,1,Fork command is exist before unload.(IPC)
AGV03,200667,1,Vehicle is not in unload position and cannot unload.(IPC)
AGV03,200668,1,Fork command is exist before load.(IPC)
AGV03,200669,1,Vehicle is not in guide sections.(IPC)
AGV03,200670,1,This address is a couple but no charge direction.(IPC)
AGV03,200671,1,Charging is OFF after send start charge command to plc.(IPC)
AGV03,200672,1,Charging is ON after send stop charge command to plc.(IPC)
AGV03,200673,1,Vehicle is not in load position and cannot load.(IPC)
AGV03,200674,1,Vehicle already have cassette cannot load.(IPC)
AGV03,200675,1,Vehicle has no cassette to unload.(IPC)
AGV03,200676,1,AgvcMoveCommand is not match the map to move.(IPC)
AGV03,200677,1,Vehicle has no command to override.(IPC)
AGV03,200678,1,Vehicle is not in moving-step.(IPC)
AGV03,200679,1,Vehicle has next reserve to go.(IPC)
AGV03,200680,1,Unload address unmatch current command unload address.(IPC)
AGV03,200681,1,Load address unmatch current command load address.(IPC)
AGV03,200682,1,ToUnloadSections is empty.(IPC)
AGV03,200683,1,ToLoadSections is empty.(IPC)
AGV03,200684,1,Vehicle can not do override.(IPC)
AGV03,200685,1,Vehicle can not pause.(IPC)
AGV03,200686,1,Carrier ID is mismatch after load finished.(IPC)
AGV03,200687,1,Carrier ID read reply is timeout(IPC)
AGV03,200688,1,Vehicle has alarm cannot do transfer command.(IPC)
AGV03,200689,2,(IPC)
AGV03,200690,2,(IPC)
AGV03,200691,2,(IPC)
AGV03,200692,2,(IPC)
AGV03,200693,2,(IPC)
AGV03,200694,2,(IPC)
AGV03,200695,2,(IPC)
AGV03,200696,2,(IPC)
AGV03,200697,2,(IPC)
AGV03,200698,2,(IPC)
AGV03,200699,2,(IPC)
AGV03,200700,2,(IPC)
AGV03,200701,2,(IPC)
AGV03,200702,2,(IPC)
AGV03,200703,2,(IPC)
AGV03,200704,2,(IPC)
AGV03,200705,2,(IPC)
AGV03,200706,2,(IPC)
AGV03,200707,2,(IPC)
AGV03,200708,2,(IPC)
AGV03,200709,2,(IPC)
AGV03,200710,2,(IPC)
AGV03,200711,2,(IPC)
AGV03,200712,2,(IPC)
AGV03,200713,2,(IPC)
AGV03,200714,2,(IPC)
AGV03,200715,2,(IPC)
AGV03,200716,2,(IPC)
AGV03,200717,2,(IPC)
AGV03,200718,2,(IPC)
AGV03,200719,2,(IPC)
AGV03,200720,2,(IPC)
AGV03,200721,2,(IPC)
AGV03,200722,2,(IPC)
AGV03,200723,2,(IPC)
AGV03,200724,2,(IPC)
AGV03,200725,2,(IPC)
AGV03,200726,2,(IPC)
AGV03,200727,2,(IPC)
AGV03,200728,2,(IPC)
AGV03,200729,2,(IPC)
AGV03,200730,2,(IPC)
AGV03,200731,2,(IPC)
AGV03,200732,2,(IPC)
AGV03,200733,2,(IPC)
AGV03,200734,2,(IPC)
AGV03,200735,2,(IPC)
AGV03,200736,2,(IPC)
AGV03,200737,2,(IPC)
AGV03,200738,2,(IPC)
AGV03,200739,2,(IPC)
AGV03,200740,2,Axis ErrorCode(IPC)
AGV03,200741,2,TR瞬間GT Moving(IPC)
AGV03,200742,2,R2000入彎過慢(IPC)
AGV03,200743,2,降速指令降速速度異常(IPC)
AGV03,200744,2,MoveControl主Thread Excption(IPC)
AGV03,200745,2,(IPC)
AGV03,200746,2,(IPC)
AGV03,200747,2,(IPC)
AGV03,200748,2,(IPC)
AGV03,200749,2,(IPC)
AGV03,200750,2,(IPC)
AGV03,200751,2,(IPC)
AGV03,200752,2,(IPC)
AGV03,200753,2,(IPC)
AGV03,200754,2,(IPC)
AGV03,200755,2,(IPC)
AGV03,201001,2,Maintain Mode
AGV03,201002,2,IPC Not Ready
AGV03,201003,2,
AGV03,201004,2,
AGV03,201005,2,Notification preparation and maintenance
AGV03,201006,2,Driver Battery Low
AGV03,201007,2,PLC Battery Low
AGV03,201008,2,CC-Link Master
AGV03,201009,2,
AGV03,201010,2,Fork Command NG
AGV03,201011,2,Fork Command Idle
AGV03,201012,2,
AGV03,201013,2,
AGV03,201014,2,
AGV03,201015,2,
AGV03,201016,2,
AGV03,201017,2,
AGV03,201018,2,
AGV03,201019,2,ET2 Fork Teaching Report
AGV03,201020,2,ET2 Index Timeout
AGV03,201021,2,ET3 Vehicle Teaching Report
AGV03,201022,2,ET3 Index Timeout
AGV03,201023,2,ET4 Fork Alignment Teching Report
AGV03,201024,2,ET4 Index Timeout
AGV03,201025,2,
AGV03,201026,2,ES3 Index Timeout
AGV03,201027,2,
AGV03,201028,2,
AGV03,201029,2,
AGV03,201030,2,
AGV03,201031,2,
AGV03,201032,2,
AGV03,201033,2,
AGV03,201034,2,
AGV03,201035,2,
AGV03,201036,2,
AGV03,201037,2,
AGV03,201038,2,
AGV03,201039,2,
AGV03,201040,2,Vehicle Battery Setting status(None)
AGV03,201041,2,Vehicle BMS High Battery Warnning
AGV03,201042,2,Vehicle BMS Low Battery Warnning
AGV03,201043,2,
AGV03,201044,2,
AGV03,201045,2,
AGV03,201046,2,
AGV03,201047,2,
AGV03,201048,2,
AGV03,201049,2,
AGV03,201050,2,Alignment Disable
AGV03,201051,2,Stage Sensor Disable
AGV03,201052,2,Fork Sensor Disable
AGV03,201053,2,Fork Sensor(二重格)L Side Disable
AGV03,201054,2,Fork Sensor(二重格)R Side Disable
AGV03,201055,2,Bump Disable
AGV03,201056,2,
AGV03,201057,2,IPC Stop Command Disable
AGV03,201058,2,
AGV03,201059,2,
AGV03,201060,2,
AGV03,201061,2,
AGV03,201062,2,
AGV03,201063,2,
AGV03,201064,2,
AGV03,201065,2,
AGV03,201066,2,
AGV03,201067,2,
AGV03,201068,2,
AGV03,201069,2,
AGV03,201070,2,Beam Sensor_FUR Warnning
AGV03,201071,2,Beam Sensor_FUL Warnning
AGV03,201072,2,Beam Sensor_FDR Warnning
AGV03,201073,2,Beam Sensor_FDC Warnning
AGV03,201074,2,Beam Sensor_FDL Warnning
AGV03,201075,2,Beam Sensor_BUR Warnning
AGV03,201076,2,Beam Sensor_BUL Warnning
AGV03,201077,2,Beam Sensor_BDR Warnning
AGV03,201078,2,Beam Sensor_BDC Warnning
AGV03,201079,2,Beam Sensor_BDL Warnning
AGV03,201080,2,Beam Sensor_LUR Warnning
AGV03,201081,2,Beam Sensor_LUL Warnning
AGV03,201082,2,Beam Sensor_LDR Warnning
AGV03,201083,2,Beam Sensor_LDL Warnning
AGV03,201084,2,Beam Sensor_LUC Warnning
AGV03,201085,2,Beam Sensor_RUR Warnning
AGV03,201086,2,Beam Sensor_RUL Warnning
AGV03,201087,2,Beam Sensor_RDR Warnning
AGV03,201088,2,Beam Sensor_RDL Warnning
AGV03,201089,2,Beam Sensor_RUC Warnning
AGV03,201090,2,
AGV03,201091,2,
AGV03,201092,2,
AGV03,201093,2,
AGV03,201094,2,
AGV03,201095,2,
AGV03,201096,2,
AGV03,201097,2,
AGV03,201098,2,
AGV03,201099,2,
AGV03,201100,2,Teach_box _FU Warnning
AGV03,201101,2,Teach_box _BU Warnning
AGV03,201102,2,Brake release _FU Warnning
AGV03,201103,2,Brake release _BU Warnning
AGV03,201104,2,
AGV03,201105,2,
AGV03,201106,2,
AGV03,201107,2,
AGV03,201108,2,
AGV03,201109,2,
AGV03,201110,2,Meter Communication Timeout
AGV03,201111,2,Meter Communication Error
AGV03,201112,2,Charger Station Error
AGV03,201113,2,
AGV03,201114,2,
AGV03,201115,2,GOTECH Battery Communication Timeout
AGV03,201116,2,GOTECH Battery Communication NG
AGV03,201117,2,
AGV03,201118,2,
AGV03,201119,2,
AGV03,201120,2,
AGV03,201121,2,
AGV03,201122,2,
AGV03,201123,2,
AGV03,201124,2,
AGV03,201125,2,
AGV03,201126,2,
AGV03,201127,2,
AGV03,201128,2,
AGV03,201129,2,
AGV03,201130,2,
AGV03,201131,2,
AGV03,201132,2,
AGV03,201133,2,
AGV03,201134,2,
AGV03,201135,1,LiDAR_F Alarm
AGV03,201136,1,LiDAR_F Fault
AGV03,201137,1,LiDAR_B Alarm
AGV03,201138,1,LiDAR_B Fault
AGV03,201139,2,
AGV03,201140,2,
AGV03,201141,2,
AGV03,201142,2,
AGV03,201143,2,
AGV03,201144,2,
AGV03,201145,2,
AGV03,201146,2,
AGV03,201147,2,
AGV03,201148,2,
AGV03,201149,2,
AGV03,201150,2,Interface T1 Timeout(L Side)
AGV03,201151,2,Interface T2 Timeout(L Side)
AGV03,201152,2,Interface T3 Timeout(L Side)
AGV03,201153,2,Interface T4 Timeout(L Side)
AGV03,201154,2,Interface T5 Timeout(L Side)
AGV03,201155,2,Interface T6 Timeout(L Side)
AGV03,201156,2,Interface T7 Timeout(L Side)
AGV03,201157,2,Interface T8 Timeout(L Side)
AGV03,201158,2,Interface Signal On(L Side)
AGV03,201159,2,Ready Signal Off(L Side)
AGV03,201160,2,Interface T1 Timeout(R Side)
AGV03,201161,2,Interface T2 Timeout(R Side)
AGV03,201162,2,Interface T3 Timeout(R Side)
AGV03,201163,2,Interface T4 Timeout(R Side)
AGV03,201164,2,Interface T5 Timeout(R Side)
AGV03,201165,2,Interface T6 Timeout(R Side)
AGV03,201166,2,Interface T7 Timeout(R Side)
AGV03,201167,2,Interface T8 Timeout(R Side)
AGV03,201168,2,Interface Signal On(R Side)
AGV03,201169,2,Ready Signal Off(R Side)
